id,texto_original,texto_minusculas,emojis_eliminados,texto_sin_emojis,texto_sin_especiales,tokens_antes,stopwords_eliminadas,tokens,texto_limpio
en_0679701,"These are good tights. They've held up for several months. They are a brighter pink than the typical ballet pink, but we use them for class not performance.","these are good tights. they've held up for several months. they are a brighter pink than the typical ballet pink, but we use them for class not performance.",[],"these are good tights. they've held up for several months. they are a brighter pink than the typical ballet pink, but we use them for class not performance.",these are good tights they ve held up for several months they are a brighter pink than the typical ballet pink but we use them for class not performance,"[""these"", ""are"", ""good"", ""tights"", ""they"", ""ve"", ""held"", ""up"", ""for"", ""several"", ""months"", ""they"", ""are"", ""a"", ""brighter"", ""pink"", ""than"", ""the"", ""typical"", ""ballet"", ""pink"", ""but"", ""we"", ""use"", ""them"", ""for"", ""class"", ""not"", ""performance""]","[""these"", ""are"", ""they"", ""ve"", ""up"", ""for"", ""they"", ""are"", ""a"", ""than"", ""the"", ""but"", ""we"", ""them"", ""for""]","[""good"", ""tights"", ""held"", ""several"", ""months"", ""brighter"", ""pink"", ""typical"", ""ballet"", ""pink"", ""use"", ""class"", ""not"", ""performance""]",good tights held several months brighter pink typical ballet pink use class not performance
en_0337685,Beautiful I got this to give to someone.,beautiful i got this to give to someone.,[],beautiful i got this to give to someone.,beautiful i got this to give to someone,"[""beautiful"", ""i"", ""got"", ""this"", ""to"", ""give"", ""to"", ""someone""]","[""i"", ""this"", ""to"", ""to""]","[""beautiful"", ""got"", ""give"", ""someone""]",beautiful got give someone
en_0218113,"I was not expecting to have to jam the power cord behind the trim in my Audi, that ain’t going to happen. Let me know when you get one that can just run on it’s own.","i was not expecting to have to jam the power cord behind the trim in my audi, that ain't going to happen. let me know when you get one that can just run on it's own.",[],"i was not expecting to have to jam the power cord behind the trim in my audi, that ain't going to happen. let me know when you get one that can just run on it's own.",i was not expecting to have to jam the power cord behind the trim in my audi that not going to happen let me know when you get one that can just run on it s own,"[""i"", ""was"", ""not"", ""expecting"", ""to"", ""have"", ""to"", ""jam"", ""the"", ""power"", ""cord"", ""behind"", ""the"", ""trim"", ""in"", ""my"", ""audi"", ""that"", ""not"", ""going"", ""to"", ""happen"", ""let"", ""me"", ""know"", ""when"", ""you"", ""get"", ""one"", ""that"", ""can"", ""just"", ""run"", ""on"", ""it"", ""s"", ""own""]","[""i"", ""was"", ""to"", ""have"", ""to"", ""the"", ""the"", ""in"", ""my"", ""that"", ""to"", ""me"", ""when"", ""you"", ""that"", ""can"", ""just"", ""on"", ""it"", ""s"", ""own""]","[""not"", ""expecting"", ""jam"", ""power"", ""cord"", ""behind"", ""trim"", ""audi"", ""not"", ""going"", ""happen"", ""let"", ""know"", ""get"", ""one"", ""run""]",not expecting jam power cord behind trim audi not going happen let know get one run
en_0334414,"Battery had charging problems from day 1. At first wouldn't fully charge and later phone would die very quickly. Finally removed battery and put original 2 year old battery back in, much better than ""new"" replacement. Battery is garbage. I charged it before using battery with original Samsung charger. I tried several different chargers.","battery had charging problems from day 1. at first wouldn't fully charge and later phone would die very quickly. finally removed battery and put original 2 year old battery back in, much better than ""new"" replacement. battery is garbage. i charged it before using battery with original samsung charger. i tried several different chargers.",[],"battery had charging problems from day 1. at first wouldn't fully charge and later phone would die very quickly. finally removed battery and put original 2 year old battery back in, much better than ""new"" replacement. battery is garbage. i charged it before using battery with original samsung charger. i tried several different chargers.",battery had charging problems from day at first would not fully charge and later phone would die very quickly finally removed battery and put original year old battery back in much better than new replacement battery is garbage i charged it before using battery with original samsung charger i tried several different chargers,"[""battery"", ""had"", ""charging"", ""problems"", ""from"", ""day"", ""at"", ""first"", ""would"", ""not"", ""fully"", ""charge"", ""and"", ""later"", ""phone"", ""would"", ""die"", ""very"", ""quickly"", ""finally"", ""removed"", ""battery"", ""and"", ""put"", ""original"", ""year"", ""old"", ""battery"", ""back"", ""in"", ""much"", ""better"", ""than"", ""new"", ""replacement"", ""battery"", ""is"", ""garbage"", ""i"", ""charged"", ""it"", ""before"", ""using"", ""battery"", ""with"", ""original"", ""samsung"", ""charger"", ""i"", ""tried"", ""several"", ""different"", ""chargers""]","[""had"", ""from"", ""at"", ""and"", ""very"", ""and"", ""in"", ""than"", ""is"", ""i"", ""it"", ""before"", ""with"", ""i""]","[""battery"", ""charging"", ""problems"", ""day"", ""first"", ""would"", ""not"", ""fully"", ""charge"", ""later"", ""phone"", ""would"", ""die"", ""quickly"", ""finally"", ""removed"", ""battery"", ""put"", ""original"", ""year"", ""old"", ""battery"", ""back"", ""much"", ""better"", ""new"", ""replacement"", ""battery"", ""garbage"", ""charged"", ""using"", ""battery"", ""original"", ""samsung"", ""charger"", ""tried"", ""several"", ""different"", ""chargers""]",battery charging problems day first would not fully charge later phone would die quickly finally removed battery put original year old battery back much better new replacement battery garbage charged using battery original samsung charger tried several different chargers
en_0507961,"I loved the Ann Cleeves books set in Shetland and anticipated liking this latest one just as much. I was mildly disappointed, unfortunately. It was good reading and I would recommend any fan of the books as well as the TV series not to miss this one as it represents a continuation of the original storyline. Perhaps too much time has passed since the last Shetland mystery or I was distracted by many other things to be able to pinpoint my reason for slight disappointment. However, should Ms. Cleeves publish another Shetland-based mystery, I will no doubt buy it and read as soon as possible. I'm still a fan.","i loved the ann cleeves books set in shetland and anticipated liking this latest one just as much. i was mildly disappointed, unfortunately. it was good reading and i would recommend any fan of the books as well as the tv series not to miss this one as it represents a continuation of the original storyline. perhaps too much time has passed since the last shetland mystery or i was distracted by many other things to be able to pinpoint my reason for slight disappointment. however, should ms. cleeves publish another shetland-based mystery, i will no doubt buy it and read as soon as possible. i'm still a fan.",[],"i loved the ann cleeves books set in shetland and anticipated liking this latest one just as much. i was mildly disappointed, unfortunately. it was good reading and i would recommend any fan of the books as well as the tv series not to miss this one as it represents a continuation of the original storyline. perhaps too much time has passed since the last shetland mystery or i was distracted by many other things to be able to pinpoint my reason for slight disappointment. however, should ms. cleeves publish another shetland-based mystery, i will no doubt buy it and read as soon as possible. i'm still a fan.",i loved the ann cleeves books set in shetland and anticipated liking this latest one just as much i was mildly disappointed unfortunately it was good reading and i would recommend any fan of the books as well as the tv series not to miss this one as it represents a continuation of the original storyline perhaps too much time has passed since the last shetland mystery or i was distracted by many other things to be able to pinpoint my reason for slight disappointment however should ms cleeves publish another shetland based mystery i will no doubt buy it and read as soon as possible i m still a fan,"[""i"", ""loved"", ""the"", ""ann"", ""cleeves"", ""books"", ""set"", ""in"", ""shetland"", ""and"", ""anticipated"", ""liking"", ""this"", ""latest"", ""one"", ""just"", ""as"", ""much"", ""i"", ""was"", ""mildly"", ""disappointed"", ""unfortunately"", ""it"", ""was"", ""good"", ""reading"", ""and"", ""i"", ""would"", ""recommend"", ""any"", ""fan"", ""of"", ""the"", ""books"", ""as"", ""well"", ""as"", ""the"", ""tv"", ""series"", ""not"", ""to"", ""miss"", ""this"", ""one"", ""as"", ""it"", ""represents"", ""a"", ""continuation"", ""of"", ""the"", ""original"", ""storyline"", ""perhaps"", ""too"", ""much"", ""time"", ""has"", ""passed"", ""since"", ""the"", ""last"", ""shetland"", ""mystery"", ""or"", ""i"", ""was"", ""distracted"", ""by"", ""many"", ""other"", ""things"", ""to"", ""be"", ""able"", ""to"", ""pinpoint"", ""my"", ""reason"", ""for"", ""slight"", ""disappointment"", ""however"", ""should"", ""ms"", ""cleeves"", ""publish"", ""another"", ""shetland"", ""based"", ""mystery"", ""i"", ""will"", ""no"", ""doubt"", ""buy"", ""it"", ""and"", ""read"", ""as"", ""soon"", ""as"", ""possible"", ""i"", ""m"", ""still"", ""a"", ""fan""]","[""i"", ""the"", ""in"", ""and"", ""this"", ""just"", ""as"", ""i"", ""was"", ""it"", ""was"", ""and"", ""i"", ""any"", ""of"", ""the"", ""as"", ""as"", ""the"", ""to"", ""this"", ""as"", ""it"", ""a"", ""of"", ""the"", ""too"", ""has"", ""the"", ""or"", ""i"", ""was"", ""by"", ""other"", ""to"", ""be"", ""to"", ""my"", ""for"", ""should"", ""i"", ""will"", ""it"", ""and"", ""as"", ""as"", ""i"", ""m"", ""a""]","[""loved"", ""ann"", ""cleeves"", ""books"", ""set"", ""shetland"", ""anticipated"", ""liking"", ""latest"", ""one"", ""much"", ""mildly"", ""disappointed"", ""unfortunately"", ""good"", ""reading"", ""would"", ""recommend"", ""fan"", ""books"", ""well"", ""tv"", ""series"", ""not"", ""miss"", ""one"", ""represents"", ""continuation"", ""original"", ""storyline"", ""perhaps"", ""much"", ""time"", ""passed"", ""since"", ""last"", ""shetland"", ""mystery"", ""distracted"", ""many"", ""things"", ""able"", ""pinpoint"", ""reason"", ""slight"", ""disappointment"", ""however"", ""ms"", ""cleeves"", ""publish"", ""another"", ""shetland"", ""based"", ""mystery"", ""no"", ""doubt"", ""buy"", ""read"", ""soon"", ""possible"", ""still"", ""fan""]",loved ann cleeves books set shetland anticipated liking latest one much mildly disappointed unfortunately good reading would recommend fan books well tv series not miss one represents continuation original storyline perhaps much time passed since last shetland mystery distracted many things able pinpoint reason slight disappointment however ms cleeves publish another shetland based mystery no doubt buy read soon possible still fan
en_0785668,"Does not work on unless the bolt head is totally accessible and uniform diameter from top to bottom. Tried to remove rounded nut from my edger, it did not work for that because the nut head was smaller at the top...the tool could not grab it.","does not work on unless the bolt head is totally accessible and uniform diameter from top to bottom. tried to remove rounded nut from my edger, it did not work for that because the nut head was smaller at the top...the tool could not grab it.",[],"does not work on unless the bolt head is totally accessible and uniform diameter from top to bottom. tried to remove rounded nut from my edger, it did not work for that because the nut head was smaller at the top...the tool could not grab it.",does not work on unless the bolt head is totally accessible and uniform diameter from top to bottom tried to remove rounded nut from my edger it did not work for that because the nut head was smaller at the top the tool could not grab it,"[""does"", ""not"", ""work"", ""on"", ""unless"", ""the"", ""bolt"", ""head"", ""is"", ""totally"", ""accessible"", ""and"", ""uniform"", ""diameter"", ""from"", ""top"", ""to"", ""bottom"", ""tried"", ""to"", ""remove"", ""rounded"", ""nut"", ""from"", ""my"", ""edger"", ""it"", ""did"", ""not"", ""work"", ""for"", ""that"", ""because"", ""the"", ""nut"", ""head"", ""was"", ""smaller"", ""at"", ""the"", ""top"", ""the"", ""tool"", ""could"", ""not"", ""grab"", ""it""]","[""does"", ""on"", ""the"", ""is"", ""and"", ""from"", ""to"", ""to"", ""from"", ""my"", ""it"", ""did"", ""for"", ""that"", ""because"", ""the"", ""was"", ""at"", ""the"", ""the"", ""it""]","[""not"", ""work"", ""unless"", ""bolt"", ""head"", ""totally"", ""accessible"", ""uniform"", ""diameter"", ""top"", ""bottom"", ""tried"", ""remove"", ""rounded"", ""nut"", ""edger"", ""not"", ""work"", ""nut"", ""head"", ""smaller"", ""top"", ""tool"", ""could"", ""not"", ""grab""]",not work unless bolt head totally accessible uniform diameter top bottom tried remove rounded nut edger not work nut head smaller top tool could not grab
en_0390178,"Good, substantial, protective case. My son likes it ! Also the shaver is good quality and works well. These shavers can get awfully expensive- this one works well for him and even though not cheap, is good quality thus far.","good, substantial, protective case. my son likes it ! also the shaver is good quality and works well. these shavers can get awfully expensive- this one works well for him and even though not cheap, is good quality thus far.",[],"good, substantial, protective case. my son likes it ! also the shaver is good quality and works well. these shavers can get awfully expensive- this one works well for him and even though not cheap, is good quality thus far.",good substantial protective case my son likes it also the shaver is good quality and works well these shavers can get awfully expensive this one works well for him and even though not cheap is good quality thus far,"[""good"", ""substantial"", ""protective"", ""case"", ""my"", ""son"", ""likes"", ""it"", ""also"", ""the"", ""shaver"", ""is"", ""good"", ""quality"", ""and"", ""works"", ""well"", ""these"", ""shavers"", ""can"", ""get"", ""awfully"", ""expensive"", ""this"", ""one"", ""works"", ""well"", ""for"", ""him"", ""and"", ""even"", ""though"", ""not"", ""cheap"", ""is"", ""good"", ""quality"", ""thus"", ""far""]","[""my"", ""it"", ""the"", ""is"", ""and"", ""these"", ""can"", ""this"", ""for"", ""him"", ""and"", ""is""]","[""good"", ""substantial"", ""protective"", ""case"", ""son"", ""likes"", ""also"", ""shaver"", ""good"", ""quality"", ""works"", ""well"", ""shavers"", ""get"", ""awfully"", ""expensive"", ""one"", ""works"", ""well"", ""even"", ""though"", ""not"", ""cheap"", ""good"", ""quality"", ""thus"", ""far""]",good substantial protective case son likes also shaver good quality works well shavers get awfully expensive one works well even though not cheap good quality thus far
en_0587436,"Works well for our trip to Colorado. Zipper feels heavy duty and stitching on the bag is holding up great. Protected the carseat and give us extra space to pack jackets, shoes, and clothes. Saved us money on additional baggage fee!","works well for our trip to colorado. zipper feels heavy duty and stitching on the bag is holding up great. protected the carseat and give us extra space to pack jackets, shoes, and clothes. saved us money on additional baggage fee!",[],"works well for our trip to colorado. zipper feels heavy duty and stitching on the bag is holding up great. protected the carseat and give us extra space to pack jackets, shoes, and clothes. saved us money on additional baggage fee!",works well for our trip to colorado zipper feels heavy duty and stitching on the bag is holding up great protected the carseat and give us extra space to pack jackets shoes and clothes saved us money on additional baggage fee,"[""works"", ""well"", ""for"", ""our"", ""trip"", ""to"", ""colorado"", ""zipper"", ""feels"", ""heavy"", ""duty"", ""and"", ""stitching"", ""on"", ""the"", ""bag"", ""is"", ""holding"", ""up"", ""great"", ""protected"", ""the"", ""carseat"", ""and"", ""give"", ""us"", ""extra"", ""space"", ""to"", ""pack"", ""jackets"", ""shoes"", ""and"", ""clothes"", ""saved"", ""us"", ""money"", ""on"", ""additional"", ""baggage"", ""fee""]","[""for"", ""our"", ""to"", ""and"", ""on"", ""the"", ""is"", ""up"", ""the"", ""and"", ""to"", ""and"", ""on""]","[""works"", ""well"", ""trip"", ""colorado"", ""zipper"", ""feels"", ""heavy"", ""duty"", ""stitching"", ""bag"", ""holding"", ""great"", ""protected"", ""carseat"", ""give"", ""us"", ""extra"", ""space"", ""pack"", ""jackets"", ""shoes"", ""clothes"", ""saved"", ""us"", ""money"", ""additional"", ""baggage"", ""fee""]",works well trip colorado zipper feels heavy duty stitching bag holding great protected carseat give us extra space pack jackets shoes clothes saved us money additional baggage fee
en_0906616,stopped working after a month,stopped working after a month,[],stopped working after a month,stopped working after a month,"[""stopped"", ""working"", ""after"", ""a"", ""month""]","[""after"", ""a""]","[""stopped"", ""working"", ""month""]",stopped working month
en_0977404,This chair is uncomfortable and remains unused. The cushion and backing is hard as rock. I’m a little disappoint with this piece and the matching recliner to this set is soft and kinda comfy. Dissatisfied with this product,this chair is uncomfortable and remains unused. the cushion and backing is hard as rock. i'm a little disappoint with this piece and the matching recliner to this set is soft and kinda comfy. dissatisfied with this product,[],this chair is uncomfortable and remains unused. the cushion and backing is hard as rock. i'm a little disappoint with this piece and the matching recliner to this set is soft and kinda comfy. dissatisfied with this product,this chair is uncomfortable and remains unused the cushion and backing is hard as rock i m a little disappoint with this piece and the matching recliner to this set is soft and kinda comfy dissatisfied with this product,"[""this"", ""chair"", ""is"", ""uncomfortable"", ""and"", ""remains"", ""unused"", ""the"", ""cushion"", ""and"", ""backing"", ""is"", ""hard"", ""as"", ""rock"", ""i"", ""m"", ""a"", ""little"", ""disappoint"", ""with"", ""this"", ""piece"", ""and"", ""the"", ""matching"", ""recliner"", ""to"", ""this"", ""set"", ""is"", ""soft"", ""and"", ""kinda"", ""comfy"", ""dissatisfied"", ""with"", ""this"", ""product""]","[""this"", ""is"", ""and"", ""the"", ""and"", ""is"", ""as"", ""i"", ""m"", ""a"", ""with"", ""this"", ""and"", ""the"", ""to"", ""this"", ""is"", ""and"", ""with"", ""this""]","[""chair"", ""uncomfortable"", ""remains"", ""unused"", ""cushion"", ""backing"", ""hard"", ""rock"", ""little"", ""disappoint"", ""piece"", ""matching"", ""recliner"", ""set"", ""soft"", ""kinda"", ""comfy"", ""dissatisfied"", ""product""]",chair uncomfortable remains unused cushion backing hard rock little disappoint piece matching recliner set soft kinda comfy dissatisfied product
en_0884443,This is nice for the price. Mine had to be reworked a bit and if you don't mind that can't beat the price. The three battery operated lights are nice.,this is nice for the price. mine had to be reworked a bit and if you don't mind that can't beat the price. the three battery operated lights are nice.,[],this is nice for the price. mine had to be reworked a bit and if you don't mind that can't beat the price. the three battery operated lights are nice.,this is nice for the price mine had to be reworked a bit and if you do not mind that can not beat the price the three battery operated lights are nice,"[""this"", ""is"", ""nice"", ""for"", ""the"", ""price"", ""mine"", ""had"", ""to"", ""be"", ""reworked"", ""a"", ""bit"", ""and"", ""if"", ""you"", ""do"", ""not"", ""mind"", ""that"", ""can"", ""not"", ""beat"", ""the"", ""price"", ""the"", ""three"", ""battery"", ""operated"", ""lights"", ""are"", ""nice""]","[""this"", ""is"", ""for"", ""the"", ""had"", ""to"", ""be"", ""a"", ""and"", ""if"", ""you"", ""do"", ""that"", ""can"", ""the"", ""the"", ""are""]","[""nice"", ""price"", ""mine"", ""reworked"", ""bit"", ""not"", ""mind"", ""not"", ""beat"", ""price"", ""three"", ""battery"", ""operated"", ""lights"", ""nice""]",nice price mine reworked bit not mind not beat price three battery operated lights nice
en_0119329,I live the Quality and the speed I got my package in,i live the quality and the speed i got my package in,[],i live the quality and the speed i got my package in,i live the quality and the speed i got my package in,"[""i"", ""live"", ""the"", ""quality"", ""and"", ""the"", ""speed"", ""i"", ""got"", ""my"", ""package"", ""in""]","[""i"", ""the"", ""and"", ""the"", ""i"", ""my"", ""in""]","[""live"", ""quality"", ""speed"", ""got"", ""package""]",live quality speed got package
en_0158887,My sweet furbaby is loving these bones!,my sweet furbaby is loving these bones!,[],my sweet furbaby is loving these bones!,my sweet furbaby is loving these bones,"[""my"", ""sweet"", ""furbaby"", ""is"", ""loving"", ""these"", ""bones""]","[""my"", ""is"", ""these""]","[""sweet"", ""furbaby"", ""loving"", ""bones""]",sweet furbaby loving bones
en_0380206,"I would say this wig is pretty good for a starter. I purchased it a little over a year ago and I'm just now reviewing it lol but when I first got it, it shed a little. It was a little thin but not to where you could see the cap. it tangles easily but it's still going strong after a year of consistent use. The color is true to the photo though I'd say it's a seafoam green. Its worth the purchase if you want a real quick wig.","i would say this wig is pretty good for a starter. i purchased it a little over a year ago and i'm just now reviewing it lol but when i first got it, it shed a little. it was a little thin but not to where you could see the cap. it tangles easily but it's still going strong after a year of consistent use. the color is true to the photo though i'd say it's a seafoam green. its worth the purchase if you want a real quick wig.",[],"i would say this wig is pretty good for a starter. i purchased it a little over a year ago and i'm just now reviewing it lol but when i first got it, it shed a little. it was a little thin but not to where you could see the cap. it tangles easily but it's still going strong after a year of consistent use. the color is true to the photo though i'd say it's a seafoam green. its worth the purchase if you want a real quick wig.",i would say this wig is pretty good for a starter i purchased it a little over a year ago and i m just now reviewing it lol but when i first got it it shed a little it was a little thin but not to where you could see the cap it tangles easily but it s still going strong after a year of consistent use the color is true to the photo though i d say it s a seafoam green its worth the purchase if you want a real quick wig,"[""i"", ""would"", ""say"", ""this"", ""wig"", ""is"", ""pretty"", ""good"", ""for"", ""a"", ""starter"", ""i"", ""purchased"", ""it"", ""a"", ""little"", ""over"", ""a"", ""year"", ""ago"", ""and"", ""i"", ""m"", ""just"", ""now"", ""reviewing"", ""it"", ""lol"", ""but"", ""when"", ""i"", ""first"", ""got"", ""it"", ""it"", ""shed"", ""a"", ""little"", ""it"", ""was"", ""a"", ""little"", ""thin"", ""but"", ""not"", ""to"", ""where"", ""you"", ""could"", ""see"", ""the"", ""cap"", ""it"", ""tangles"", ""easily"", ""but"", ""it"", ""s"", ""still"", ""going"", ""strong"", ""after"", ""a"", ""year"", ""of"", ""consistent"", ""use"", ""the"", ""color"", ""is"", ""true"", ""to"", ""the"", ""photo"", ""though"", ""i"", ""d"", ""say"", ""it"", ""s"", ""a"", ""seafoam"", ""green"", ""its"", ""worth"", ""the"", ""purchase"", ""if"", ""you"", ""want"", ""a"", ""real"", ""quick"", ""wig""]","[""i"", ""this"", ""is"", ""for"", ""a"", ""i"", ""it"", ""a"", ""over"", ""a"", ""and"", ""i"", ""m"", ""just"", ""now"", ""it"", ""but"", ""when"", ""i"", ""it"", ""it"", ""a"", ""it"", ""was"", ""a"", ""but"", ""to"", ""where"", ""you"", ""the"", ""it"", ""but"", ""it"", ""s"", ""after"", ""a"", ""of"", ""the"", ""is"", ""to"", ""the"", ""i"", ""d"", ""it"", ""s"", ""a"", ""its"", ""the"", ""if"", ""you"", ""a""]","[""would"", ""say"", ""wig"", ""pretty"", ""good"", ""starter"", ""purchased"", ""little"", ""year"", ""ago"", ""reviewing"", ""lol"", ""first"", ""got"", ""shed"", ""little"", ""little"", ""thin"", ""not"", ""could"", ""see"", ""cap"", ""tangles"", ""easily"", ""still"", ""going"", ""strong"", ""year"", ""consistent"", ""use"", ""color"", ""true"", ""photo"", ""though"", ""say"", ""seafoam"", ""green"", ""worth"", ""purchase"", ""want"", ""real"", ""quick"", ""wig""]",would say wig pretty good starter purchased little year ago reviewing lol first got shed little little thin not could see cap tangles easily still going strong year consistent use color true photo though say seafoam green worth purchase want real quick wig
en_0007463,"Super cute jacket but it does seem to run a bit small (in comparison to a Pinkie Pie version of the jacket that she has in the same size). Unfortunately the wings on the back don't make it through the wash very well....after just one washing, the wings came out shriveled up and were very difficult to flatten back out, making them bulky on the back of the jacket and uncomfortable for my daughter to wear while strapped in her carseat.","super cute jacket but it does seem to run a bit small (in comparison to a pinkie pie version of the jacket that she has in the same size). unfortunately the wings on the back don't make it through the wash very well....after just one washing, the wings came out shriveled up and were very difficult to flatten back out, making them bulky on the back of the jacket and uncomfortable for my daughter to wear while strapped in her carseat.",[],"super cute jacket but it does seem to run a bit small (in comparison to a pinkie pie version of the jacket that she has in the same size). unfortunately the wings on the back don't make it through the wash very well....after just one washing, the wings came out shriveled up and were very difficult to flatten back out, making them bulky on the back of the jacket and uncomfortable for my daughter to wear while strapped in her carseat.",super cute jacket but it does seem to run a bit small in comparison to a pinkie pie version of the jacket that she has in the same size unfortunately the wings on the back do not make it through the wash very well after just one washing the wings came out shriveled up and were very difficult to flatten back out making them bulky on the back of the jacket and uncomfortable for my daughter to wear while strapped in her carseat,"[""super"", ""cute"", ""jacket"", ""but"", ""it"", ""does"", ""seem"", ""to"", ""run"", ""a"", ""bit"", ""small"", ""in"", ""comparison"", ""to"", ""a"", ""pinkie"", ""pie"", ""version"", ""of"", ""the"", ""jacket"", ""that"", ""she"", ""has"", ""in"", ""the"", ""same"", ""size"", ""unfortunately"", ""the"", ""wings"", ""on"", ""the"", ""back"", ""do"", ""not"", ""make"", ""it"", ""through"", ""the"", ""wash"", ""very"", ""well"", ""after"", ""just"", ""one"", ""washing"", ""the"", ""wings"", ""came"", ""out"", ""shriveled"", ""up"", ""and"", ""were"", ""very"", ""difficult"", ""to"", ""flatten"", ""back"", ""out"", ""making"", ""them"", ""bulky"", ""on"", ""the"", ""back"", ""of"", ""the"", ""jacket"", ""and"", ""uncomfortable"", ""for"", ""my"", ""daughter"", ""to"", ""wear"", ""while"", ""strapped"", ""in"", ""her"", ""carseat""]","[""but"", ""it"", ""does"", ""to"", ""a"", ""in"", ""to"", ""a"", ""of"", ""the"", ""that"", ""she"", ""has"", ""in"", ""the"", ""same"", ""the"", ""on"", ""the"", ""do"", ""it"", ""through"", ""the"", ""very"", ""after"", ""just"", ""the"", ""out"", ""up"", ""and"", ""were"", ""very"", ""to"", ""out"", ""them"", ""on"", ""the"", ""of"", ""the"", ""and"", ""for"", ""my"", ""to"", ""while"", ""in"", ""her""]","[""super"", ""cute"", ""jacket"", ""seem"", ""run"", ""bit"", ""small"", ""comparison"", ""pinkie"", ""pie"", ""version"", ""jacket"", ""size"", ""unfortunately"", ""wings"", ""back"", ""not"", ""make"", ""wash"", ""well"", ""one"", ""washing"", ""wings"", ""came"", ""shriveled"", ""difficult"", ""flatten"", ""back"", ""making"", ""bulky"", ""back"", ""jacket"", ""uncomfortable"", ""daughter"", ""wear"", ""strapped"", ""carseat""]",super cute jacket seem run bit small comparison pinkie pie version jacket size unfortunately wings back not make wash well one washing wings came shriveled difficult flatten back making bulky back jacket uncomfortable daughter wear strapped carseat
en_0269912,Bought this as a gift and my husband loves it!! Very cute and affordable,bought this as a gift and my husband loves it!! very cute and affordable,[],bought this as a gift and my husband loves it!! very cute and affordable,bought this as a gift and my husband loves it very cute and affordable,"[""bought"", ""this"", ""as"", ""a"", ""gift"", ""and"", ""my"", ""husband"", ""loves"", ""it"", ""very"", ""cute"", ""and"", ""affordable""]","[""this"", ""as"", ""a"", ""and"", ""my"", ""it"", ""very"", ""and""]","[""bought"", ""gift"", ""husband"", ""loves"", ""cute"", ""affordable""]",bought gift husband loves cute affordable
en_0881343,TOOO SMALL FOR A PLUS SIZE,tooo small for a plus size,[],tooo small for a plus size,tooo small for a plus size,"[""tooo"", ""small"", ""for"", ""a"", ""plus"", ""size""]","[""for"", ""a""]","[""tooo"", ""small"", ""plus"", ""size""]",tooo small plus size
en_0398461,I'm still waiting for delivery It doesn't arrive yet Did you check my address update?,i'm still waiting for delivery it doesn't arrive yet did you check my address update?,[],i'm still waiting for delivery it doesn't arrive yet did you check my address update?,i m still waiting for delivery it does not arrive yet did you check my address update,"[""i"", ""m"", ""still"", ""waiting"", ""for"", ""delivery"", ""it"", ""does"", ""not"", ""arrive"", ""yet"", ""did"", ""you"", ""check"", ""my"", ""address"", ""update""]","[""i"", ""m"", ""for"", ""it"", ""does"", ""did"", ""you"", ""my""]","[""still"", ""waiting"", ""delivery"", ""not"", ""arrive"", ""yet"", ""check"", ""address"", ""update""]",still waiting delivery not arrive yet check address update
en_0167337,The pillow is more ivory and the stripes are white and blue. I rather it be either ivory or white but it seems like a nice durable material and the tassels are nice durable. It's just ok. Would not purchase again.,the pillow is more ivory and the stripes are white and blue. i rather it be either ivory or white but it seems like a nice durable material and the tassels are nice durable. it's just ok. would not purchase again.,[],the pillow is more ivory and the stripes are white and blue. i rather it be either ivory or white but it seems like a nice durable material and the tassels are nice durable. it's just ok. would not purchase again.,the pillow is more ivory and the stripes are white and blue i rather it be either ivory or white but it seems like a nice durable material and the tassels are nice durable it s just ok would not purchase again,"[""the"", ""pillow"", ""is"", ""more"", ""ivory"", ""and"", ""the"", ""stripes"", ""are"", ""white"", ""and"", ""blue"", ""i"", ""rather"", ""it"", ""be"", ""either"", ""ivory"", ""or"", ""white"", ""but"", ""it"", ""seems"", ""like"", ""a"", ""nice"", ""durable"", ""material"", ""and"", ""the"", ""tassels"", ""are"", ""nice"", ""durable"", ""it"", ""s"", ""just"", ""ok"", ""would"", ""not"", ""purchase"", ""again""]","[""the"", ""is"", ""more"", ""and"", ""the"", ""are"", ""and"", ""i"", ""it"", ""be"", ""or"", ""but"", ""it"", ""a"", ""and"", ""the"", ""are"", ""it"", ""s"", ""just"", ""again""]","[""pillow"", ""ivory"", ""stripes"", ""white"", ""blue"", ""rather"", ""either"", ""ivory"", ""white"", ""seems"", ""like"", ""nice"", ""durable"", ""material"", ""tassels"", ""nice"", ""durable"", ""ok"", ""would"", ""not"", ""purchase""]",pillow ivory stripes white blue rather either ivory white seems like nice durable material tassels nice durable ok would not purchase
en_0550416,I recommend this item but this is not fitted.,i recommend this item but this is not fitted.,[],i recommend this item but this is not fitted.,i recommend this item but this is not fitted,"[""i"", ""recommend"", ""this"", ""item"", ""but"", ""this"", ""is"", ""not"", ""fitted""]","[""i"", ""this"", ""but"", ""this"", ""is""]","[""recommend"", ""item"", ""not"", ""fitted""]",recommend item not fitted
en_0618371,Quality is excellent.,quality is excellent.,[],quality is excellent.,quality is excellent,"[""quality"", ""is"", ""excellent""]","[""is""]","[""quality"", ""excellent""]",quality excellent
en_0188495,"The pins inside that hole the circuit board were about an 1/16th of an inch off, had to trim to make it fit. Everything else is great.","the pins inside that hole the circuit board were about an 1/16th of an inch off, had to trim to make it fit. everything else is great.",[],"the pins inside that hole the circuit board were about an 1/16th of an inch off, had to trim to make it fit. everything else is great.",the pins inside that hole the circuit board were about an th of an inch off had to trim to make it fit everything else is great,"[""the"", ""pins"", ""inside"", ""that"", ""hole"", ""the"", ""circuit"", ""board"", ""were"", ""about"", ""an"", ""th"", ""of"", ""an"", ""inch"", ""off"", ""had"", ""to"", ""trim"", ""to"", ""make"", ""it"", ""fit"", ""everything"", ""else"", ""is"", ""great""]","[""the"", ""that"", ""the"", ""were"", ""about"", ""an"", ""of"", ""an"", ""off"", ""had"", ""to"", ""to"", ""it"", ""is""]","[""pins"", ""inside"", ""hole"", ""circuit"", ""board"", ""th"", ""inch"", ""trim"", ""make"", ""fit"", ""everything"", ""else"", ""great""]",pins inside hole circuit board th inch trim make fit everything else great
en_0544123,"So far is durable and seems well made. Plenty of elastic stretch for a snug fit. Wife won't drape it down the back until the muffler/ tail pipe cools off, which makes sense. No problems or complaints.","so far is durable and seems well made. plenty of elastic stretch for a snug fit. wife won't drape it down the back until the muffler/ tail pipe cools off, which makes sense. no problems or complaints.",[],"so far is durable and seems well made. plenty of elastic stretch for a snug fit. wife won't drape it down the back until the muffler/ tail pipe cools off, which makes sense. no problems or complaints.",so far is durable and seems well made plenty of elastic stretch for a snug fit wife will not drape it down the back until the muffler tail pipe cools off which makes sense no problems or complaints,"[""so"", ""far"", ""is"", ""durable"", ""and"", ""seems"", ""well"", ""made"", ""plenty"", ""of"", ""elastic"", ""stretch"", ""for"", ""a"", ""snug"", ""fit"", ""wife"", ""will"", ""not"", ""drape"", ""it"", ""down"", ""the"", ""back"", ""until"", ""the"", ""muffler"", ""tail"", ""pipe"", ""cools"", ""off"", ""which"", ""makes"", ""sense"", ""no"", ""problems"", ""or"", ""complaints""]","[""so"", ""is"", ""and"", ""of"", ""for"", ""a"", ""will"", ""it"", ""down"", ""the"", ""until"", ""the"", ""off"", ""which"", ""or""]","[""far"", ""durable"", ""seems"", ""well"", ""made"", ""plenty"", ""elastic"", ""stretch"", ""snug"", ""fit"", ""wife"", ""not"", ""drape"", ""back"", ""muffler"", ""tail"", ""pipe"", ""cools"", ""makes"", ""sense"", ""no"", ""problems"", ""complaints""]",far durable seems well made plenty elastic stretch snug fit wife not drape back muffler tail pipe cools makes sense no problems complaints
en_0660926,"They look really pretty, but they’re very thin. Also there was a few cracked ones.","they look really pretty, but they're very thin. also there was a few cracked ones.",[],"they look really pretty, but they're very thin. also there was a few cracked ones.",they look really pretty but they re very thin also there was a few cracked ones,"[""they"", ""look"", ""really"", ""pretty"", ""but"", ""they"", ""re"", ""very"", ""thin"", ""also"", ""there"", ""was"", ""a"", ""few"", ""cracked"", ""ones""]","[""they"", ""but"", ""they"", ""re"", ""very"", ""there"", ""was"", ""a"", ""few""]","[""look"", ""really"", ""pretty"", ""thin"", ""also"", ""cracked"", ""ones""]",look really pretty thin also cracked ones
en_0812977,did not meet expectation,did not meet expectation,[],did not meet expectation,did not meet expectation,"[""did"", ""not"", ""meet"", ""expectation""]","[""did""]","[""not"", ""meet"", ""expectation""]",not meet expectation
en_0199511,"For most drivers, keep an eye on tire wear, and check with local mechanics if need-be. Make a habit of checking your car once a week, at least, and if the tires show wear on the edges, check with the shop. This is a perfect product, highly recommended.","for most drivers, keep an eye on tire wear, and check with local mechanics if need-be. make a habit of checking your car once a week, at least, and if the tires show wear on the edges, check with the shop. this is a perfect product, highly recommended.",[],"for most drivers, keep an eye on tire wear, and check with local mechanics if need-be. make a habit of checking your car once a week, at least, and if the tires show wear on the edges, check with the shop. this is a perfect product, highly recommended.",for most drivers keep an eye on tire wear and check with local mechanics if need be make a habit of checking your car once a week at least and if the tires show wear on the edges check with the shop this is a perfect product highly recommended,"[""for"", ""most"", ""drivers"", ""keep"", ""an"", ""eye"", ""on"", ""tire"", ""wear"", ""and"", ""check"", ""with"", ""local"", ""mechanics"", ""if"", ""need"", ""be"", ""make"", ""a"", ""habit"", ""of"", ""checking"", ""your"", ""car"", ""once"", ""a"", ""week"", ""at"", ""least"", ""and"", ""if"", ""the"", ""tires"", ""show"", ""wear"", ""on"", ""the"", ""edges"", ""check"", ""with"", ""the"", ""shop"", ""this"", ""is"", ""a"", ""perfect"", ""product"", ""highly"", ""recommended""]","[""for"", ""most"", ""an"", ""on"", ""and"", ""with"", ""if"", ""be"", ""a"", ""of"", ""your"", ""once"", ""a"", ""at"", ""and"", ""if"", ""the"", ""on"", ""the"", ""with"", ""the"", ""this"", ""is"", ""a""]","[""drivers"", ""keep"", ""eye"", ""tire"", ""wear"", ""check"", ""local"", ""mechanics"", ""need"", ""make"", ""habit"", ""checking"", ""car"", ""week"", ""least"", ""tires"", ""show"", ""wear"", ""edges"", ""check"", ""shop"", ""perfect"", ""product"", ""highly"", ""recommended""]",drivers keep eye tire wear check local mechanics need make habit checking car week least tires show wear edges check shop perfect product highly recommended
en_0376853,"It fits and works as a replacement. But whereas my original lasted about 11 years, this replacement already needs replacing again after about 4 years. The problem is, the skirt on it, where the bottom edge of the skirt meets the bowl, is not as tight fitting and collects dirt. It is already discolored to the point where I feel like the ick factor warrants replacement. The valley between the 2 parts of the cover also has 2 ridges from the molding process. The original did not. These ridges collect dirt and make it harder to clean as well.","it fits and works as a replacement. but whereas my original lasted about 11 years, this replacement already needs replacing again after about 4 years. the problem is, the skirt on it, where the bottom edge of the skirt meets the bowl, is not as tight fitting and collects dirt. it is already discolored to the point where i feel like the ick factor warrants replacement. the valley between the 2 parts of the cover also has 2 ridges from the molding process. the original did not. these ridges collect dirt and make it harder to clean as well.",[],"it fits and works as a replacement. but whereas my original lasted about 11 years, this replacement already needs replacing again after about 4 years. the problem is, the skirt on it, where the bottom edge of the skirt meets the bowl, is not as tight fitting and collects dirt. it is already discolored to the point where i feel like the ick factor warrants replacement. the valley between the 2 parts of the cover also has 2 ridges from the molding process. the original did not. these ridges collect dirt and make it harder to clean as well.",it fits and works as a replacement but whereas my original lasted about years this replacement already needs replacing again after about years the problem is the skirt on it where the bottom edge of the skirt meets the bowl is not as tight fitting and collects dirt it is already discolored to the point where i feel like the ick factor warrants replacement the valley between the parts of the cover also has ridges from the molding process the original did not these ridges collect dirt and make it harder to clean as well,"[""it"", ""fits"", ""and"", ""works"", ""as"", ""a"", ""replacement"", ""but"", ""whereas"", ""my"", ""original"", ""lasted"", ""about"", ""years"", ""this"", ""replacement"", ""already"", ""needs"", ""replacing"", ""again"", ""after"", ""about"", ""years"", ""the"", ""problem"", ""is"", ""the"", ""skirt"", ""on"", ""it"", ""where"", ""the"", ""bottom"", ""edge"", ""of"", ""the"", ""skirt"", ""meets"", ""the"", ""bowl"", ""is"", ""not"", ""as"", ""tight"", ""fitting"", ""and"", ""collects"", ""dirt"", ""it"", ""is"", ""already"", ""discolored"", ""to"", ""the"", ""point"", ""where"", ""i"", ""feel"", ""like"", ""the"", ""ick"", ""factor"", ""warrants"", ""replacement"", ""the"", ""valley"", ""between"", ""the"", ""parts"", ""of"", ""the"", ""cover"", ""also"", ""has"", ""ridges"", ""from"", ""the"", ""molding"", ""process"", ""the"", ""original"", ""did"", ""not"", ""these"", ""ridges"", ""collect"", ""dirt"", ""and"", ""make"", ""it"", ""harder"", ""to"", ""clean"", ""as"", ""well""]","[""it"", ""and"", ""as"", ""a"", ""but"", ""my"", ""about"", ""this"", ""again"", ""after"", ""about"", ""the"", ""is"", ""the"", ""on"", ""it"", ""where"", ""the"", ""of"", ""the"", ""the"", ""is"", ""as"", ""and"", ""it"", ""is"", ""to"", ""the"", ""where"", ""i"", ""the"", ""the"", ""between"", ""the"", ""of"", ""the"", ""has"", ""from"", ""the"", ""the"", ""did"", ""these"", ""and"", ""it"", ""to"", ""as""]","[""fits"", ""works"", ""replacement"", ""whereas"", ""original"", ""lasted"", ""years"", ""replacement"", ""already"", ""needs"", ""replacing"", ""years"", ""problem"", ""skirt"", ""bottom"", ""edge"", ""skirt"", ""meets"", ""bowl"", ""not"", ""tight"", ""fitting"", ""collects"", ""dirt"", ""already"", ""discolored"", ""point"", ""feel"", ""like"", ""ick"", ""factor"", ""warrants"", ""replacement"", ""valley"", ""parts"", ""cover"", ""also"", ""ridges"", ""molding"", ""process"", ""original"", ""not"", ""ridges"", ""collect"", ""dirt"", ""make"", ""harder"", ""clean"", ""well""]",fits works replacement whereas original lasted years replacement already needs replacing years problem skirt bottom edge skirt meets bowl not tight fitting collects dirt already discolored point feel like ick factor warrants replacement valley parts cover also ridges molding process original not ridges collect dirt make harder clean well
en_0065991,"Sent me the wrong size, great quality though for a used item.","sent me the wrong size, great quality though for a used item.",[],"sent me the wrong size, great quality though for a used item.",sent me the wrong size great quality though for a used item,"[""sent"", ""me"", ""the"", ""wrong"", ""size"", ""great"", ""quality"", ""though"", ""for"", ""a"", ""used"", ""item""]","[""me"", ""the"", ""for"", ""a""]","[""sent"", ""wrong"", ""size"", ""great"", ""quality"", ""though"", ""used"", ""item""]",sent wrong size great quality though used item
en_0350373,Expected to see through them better. They were a little blurry.,expected to see through them better. they were a little blurry.,[],expected to see through them better. they were a little blurry.,expected to see through them better they were a little blurry,"[""expected"", ""to"", ""see"", ""through"", ""them"", ""better"", ""they"", ""were"", ""a"", ""little"", ""blurry""]","[""to"", ""through"", ""them"", ""they"", ""were"", ""a""]","[""expected"", ""see"", ""better"", ""little"", ""blurry""]",expected see better little blurry
en_0022093,These smell amazing and have a great variety of good scents! I have bought more than one for making bath bombs.,these smell amazing and have a great variety of good scents! i have bought more than one for making bath bombs.,[],these smell amazing and have a great variety of good scents! i have bought more than one for making bath bombs.,these smell amazing and have a great variety of good scents i have bought more than one for making bath bombs,"[""these"", ""smell"", ""amazing"", ""and"", ""have"", ""a"", ""great"", ""variety"", ""of"", ""good"", ""scents"", ""i"", ""have"", ""bought"", ""more"", ""than"", ""one"", ""for"", ""making"", ""bath"", ""bombs""]","[""these"", ""and"", ""have"", ""a"", ""of"", ""i"", ""have"", ""more"", ""than"", ""for""]","[""smell"", ""amazing"", ""great"", ""variety"", ""good"", ""scents"", ""bought"", ""one"", ""making"", ""bath"", ""bombs""]",smell amazing great variety good scents bought one making bath bombs
en_0539609,"I’m tired of having to review everything I buy online. It works, keeps my dog from biting people.","i'm tired of having to review everything i buy online. it works, keeps my dog from biting people.",[],"i'm tired of having to review everything i buy online. it works, keeps my dog from biting people.",i m tired of having to review everything i buy online it works keeps my dog from biting people,"[""i"", ""m"", ""tired"", ""of"", ""having"", ""to"", ""review"", ""everything"", ""i"", ""buy"", ""online"", ""it"", ""works"", ""keeps"", ""my"", ""dog"", ""from"", ""biting"", ""people""]","[""i"", ""m"", ""of"", ""having"", ""to"", ""i"", ""it"", ""my"", ""from""]","[""tired"", ""review"", ""everything"", ""buy"", ""online"", ""works"", ""keeps"", ""dog"", ""biting"", ""people""]",tired review everything buy online works keeps dog biting people
en_0540015,"I have an Acer Aspire. I had bought a different battery but wanted to try this one. Battery life is LOW. I've had batteries that lasted 3-4 hours. This one.....This one tells you you have 3 hours left, and then in 1 hour, it's telling you you've got 10 minutes left. In 1 minute, your computer suddenly shuts down because of ""low"" battery life. It gets drained like crazy and you can't even rely on the computer's battery life projection. I will not use again. In fact, I'm going to buy a new one so that I don't have to use this one.","i have an acer aspire. i had bought a different battery but wanted to try this one. battery life is low. i've had batteries that lasted 3-4 hours. this one.....this one tells you you have 3 hours left, and then in 1 hour, it's telling you you've got 10 minutes left. in 1 minute, your computer suddenly shuts down because of ""low"" battery life. it gets drained like crazy and you can't even rely on the computer's battery life projection. i will not use again. in fact, i'm going to buy a new one so that i don't have to use this one.",[],"i have an acer aspire. i had bought a different battery but wanted to try this one. battery life is low. i've had batteries that lasted 3-4 hours. this one.....this one tells you you have 3 hours left, and then in 1 hour, it's telling you you've got 10 minutes left. in 1 minute, your computer suddenly shuts down because of ""low"" battery life. it gets drained like crazy and you can't even rely on the computer's battery life projection. i will not use again. in fact, i'm going to buy a new one so that i don't have to use this one.",i have an acer aspire i had bought a different battery but wanted to try this one battery life is low i ve had batteries that lasted hours this one this one tells you you have hours left and then in hour it s telling you you ve got minutes left in minute your computer suddenly shuts down because of low battery life it gets drained like crazy and you can not even rely on the computer s battery life projection i will not use again in fact i m going to buy a new one so that i do not have to use this one,"[""i"", ""have"", ""an"", ""acer"", ""aspire"", ""i"", ""had"", ""bought"", ""a"", ""different"", ""battery"", ""but"", ""wanted"", ""to"", ""try"", ""this"", ""one"", ""battery"", ""life"", ""is"", ""low"", ""i"", ""ve"", ""had"", ""batteries"", ""that"", ""lasted"", ""hours"", ""this"", ""one"", ""this"", ""one"", ""tells"", ""you"", ""you"", ""have"", ""hours"", ""left"", ""and"", ""then"", ""in"", ""hour"", ""it"", ""s"", ""telling"", ""you"", ""you"", ""ve"", ""got"", ""minutes"", ""left"", ""in"", ""minute"", ""your"", ""computer"", ""suddenly"", ""shuts"", ""down"", ""because"", ""of"", ""low"", ""battery"", ""life"", ""it"", ""gets"", ""drained"", ""like"", ""crazy"", ""and"", ""you"", ""can"", ""not"", ""even"", ""rely"", ""on"", ""the"", ""computer"", ""s"", ""battery"", ""life"", ""projection"", ""i"", ""will"", ""not"", ""use"", ""again"", ""in"", ""fact"", ""i"", ""m"", ""going"", ""to"", ""buy"", ""a"", ""new"", ""one"", ""so"", ""that"", ""i"", ""do"", ""not"", ""have"", ""to"", ""use"", ""this"", ""one""]","[""i"", ""have"", ""an"", ""i"", ""had"", ""a"", ""but"", ""to"", ""this"", ""is"", ""i"", ""ve"", ""had"", ""that"", ""this"", ""this"", ""you"", ""you"", ""have"", ""and"", ""then"", ""in"", ""it"", ""s"", ""you"", ""you"", ""ve"", ""in"", ""your"", ""down"", ""because"", ""of"", ""it"", ""and"", ""you"", ""can"", ""on"", ""the"", ""s"", ""i"", ""will"", ""again"", ""in"", ""i"", ""m"", ""to"", ""a"", ""so"", ""that"", ""i"", ""do"", ""have"", ""to"", ""this""]","[""acer"", ""aspire"", ""bought"", ""different"", ""battery"", ""wanted"", ""try"", ""one"", ""battery"", ""life"", ""low"", ""batteries"", ""lasted"", ""hours"", ""one"", ""one"", ""tells"", ""hours"", ""left"", ""hour"", ""telling"", ""got"", ""minutes"", ""left"", ""minute"", ""computer"", ""suddenly"", ""shuts"", ""low"", ""battery"", ""life"", ""gets"", ""drained"", ""like"", ""crazy"", ""not"", ""even"", ""rely"", ""computer"", ""battery"", ""life"", ""projection"", ""not"", ""use"", ""fact"", ""going"", ""buy"", ""new"", ""one"", ""not"", ""use"", ""one""]",acer aspire bought different battery wanted try one battery life low batteries lasted hours one one tells hours left hour telling got minutes left minute computer suddenly shuts low battery life gets drained like crazy not even rely computer battery life projection not use fact going buy new one not use one
en_0563898,"These cars were a ton of fun...for about 15 minutes. The drivers have a rod on their backside that slides into a hole in the car seat. It's spring loaded and secures with a click. Then, when the other car hits a button on the side of the car, the driver is ejected by the spring and the car makes crash noises. It's really cool. The cars are maneuverable. You get rechargeable batteries. The remotes work great. When they're working, these are a well worth the money. After a few minutes of adult-supervised play, one of the cars stopped making crash noises. Eh, no problem. You can still tell the car was 'tagged' because the driver flies off. Then, one of the cars stopped accepting the driver. He wouldn't 'click' into place. That's more serious because you can't tell when you've been hit. Then, before the first battery charge was exhausted, the second car also stopped accepting the driver. At this point, we stopped, boxed everything up, and returned it.","these cars were a ton of fun...for about 15 minutes. the drivers have a rod on their backside that slides into a hole in the car seat. it's spring loaded and secures with a click. then, when the other car hits a button on the side of the car, the driver is ejected by the spring and the car makes crash noises. it's really cool. the cars are maneuverable. you get rechargeable batteries. the remotes work great. when they're working, these are a well worth the money. after a few minutes of adult-supervised play, one of the cars stopped making crash noises. eh, no problem. you can still tell the car was 'tagged' because the driver flies off. then, one of the cars stopped accepting the driver. he wouldn't 'click' into place. that's more serious because you can't tell when you've been hit. then, before the first battery charge was exhausted, the second car also stopped accepting the driver. at this point, we stopped, boxed everything up, and returned it.",[],"these cars were a ton of fun...for about 15 minutes. the drivers have a rod on their backside that slides into a hole in the car seat. it's spring loaded and secures with a click. then, when the other car hits a button on the side of the car, the driver is ejected by the spring and the car makes crash noises. it's really cool. the cars are maneuverable. you get rechargeable batteries. the remotes work great. when they're working, these are a well worth the money. after a few minutes of adult-supervised play, one of the cars stopped making crash noises. eh, no problem. you can still tell the car was 'tagged' because the driver flies off. then, one of the cars stopped accepting the driver. he wouldn't 'click' into place. that's more serious because you can't tell when you've been hit. then, before the first battery charge was exhausted, the second car also stopped accepting the driver. at this point, we stopped, boxed everything up, and returned it.",these cars were a ton of fun for about minutes the drivers have a rod on their backside that slides into a hole in the car seat it s spring loaded and secures with a click then when the other car hits a button on the side of the car the driver is ejected by the spring and the car makes crash noises it s really cool the cars are maneuverable you get rechargeable batteries the remotes work great when they re working these are a well worth the money after a few minutes of adult supervised play one of the cars stopped making crash noises eh no problem you can still tell the car was tagged because the driver flies off then one of the cars stopped accepting the driver he would not click into place that s more serious because you can not tell when you ve been hit then before the first battery charge was exhausted the second car also stopped accepting the driver at this point we stopped boxed everything up and returned it,"[""these"", ""cars"", ""were"", ""a"", ""ton"", ""of"", ""fun"", ""for"", ""about"", ""minutes"", ""the"", ""drivers"", ""have"", ""a"", ""rod"", ""on"", ""their"", ""backside"", ""that"", ""slides"", ""into"", ""a"", ""hole"", ""in"", ""the"", ""car"", ""seat"", ""it"", ""s"", ""spring"", ""loaded"", ""and"", ""secures"", ""with"", ""a"", ""click"", ""then"", ""when"", ""the"", ""other"", ""car"", ""hits"", ""a"", ""button"", ""on"", ""the"", ""side"", ""of"", ""the"", ""car"", ""the"", ""driver"", ""is"", ""ejected"", ""by"", ""the"", ""spring"", ""and"", ""the"", ""car"", ""makes"", ""crash"", ""noises"", ""it"", ""s"", ""really"", ""cool"", ""the"", ""cars"", ""are"", ""maneuverable"", ""you"", ""get"", ""rechargeable"", ""batteries"", ""the"", ""remotes"", ""work"", ""great"", ""when"", ""they"", ""re"", ""working"", ""these"", ""are"", ""a"", ""well"", ""worth"", ""the"", ""money"", ""after"", ""a"", ""few"", ""minutes"", ""of"", ""adult"", ""supervised"", ""play"", ""one"", ""of"", ""the"", ""cars"", ""stopped"", ""making"", ""crash"", ""noises"", ""eh"", ""no"", ""problem"", ""you"", ""can"", ""still"", ""tell"", ""the"", ""car"", ""was"", ""tagged"", ""because"", ""the"", ""driver"", ""flies"", ""off"", ""then"", ""one"", ""of"", ""the"", ""cars"", ""stopped"", ""accepting"", ""the"", ""driver"", ""he"", ""would"", ""not"", ""click"", ""into"", ""place"", ""that"", ""s"", ""more"", ""serious"", ""because"", ""you"", ""can"", ""not"", ""tell"", ""when"", ""you"", ""ve"", ""been"", ""hit"", ""then"", ""before"", ""the"", ""first"", ""battery"", ""charge"", ""was"", ""exhausted"", ""the"", ""second"", ""car"", ""also"", ""stopped"", ""accepting"", ""the"", ""driver"", ""at"", ""this"", ""point"", ""we"", ""stopped"", ""boxed"", ""everything"", ""up"", ""and"", ""returned"", ""it""]","[""these"", ""were"", ""a"", ""of"", ""for"", ""about"", ""the"", ""have"", ""a"", ""on"", ""their"", ""that"", ""into"", ""a"", ""in"", ""the"", ""it"", ""s"", ""and"", ""with"", ""a"", ""then"", ""when"", ""the"", ""other"", ""a"", ""on"", ""the"", ""of"", ""the"", ""the"", ""is"", ""by"", ""the"", ""and"", ""the"", ""it"", ""s"", ""the"", ""are"", ""you"", ""the"", ""when"", ""they"", ""re"", ""these"", ""are"", ""a"", ""the"", ""after"", ""a"", ""few"", ""of"", ""of"", ""the"", ""you"", ""can"", ""the"", ""was"", ""because"", ""the"", ""off"", ""then"", ""of"", ""the"", ""the"", ""he"", ""into"", ""that"", ""s"", ""more"", ""because"", ""you"", ""can"", ""when"", ""you"", ""ve"", ""been"", ""then"", ""before"", ""the"", ""was"", ""the"", ""the"", ""at"", ""this"", ""we"", ""up"", ""and"", ""it""]","[""cars"", ""ton"", ""fun"", ""minutes"", ""drivers"", ""rod"", ""backside"", ""slides"", ""hole"", ""car"", ""seat"", ""spring"", ""loaded"", ""secures"", ""click"", ""car"", ""hits"", ""button"", ""side"", ""car"", ""driver"", ""ejected"", ""spring"", ""car"", ""makes"", ""crash"", ""noises"", ""really"", ""cool"", ""cars"", ""maneuverable"", ""get"", ""rechargeable"", ""batteries"", ""remotes"", ""work"", ""great"", ""working"", ""well"", ""worth"", ""money"", ""minutes"", ""adult"", ""supervised"", ""play"", ""one"", ""cars"", ""stopped"", ""making"", ""crash"", ""noises"", ""eh"", ""no"", ""problem"", ""still"", ""tell"", ""car"", ""tagged"", ""driver"", ""flies"", ""one"", ""cars"", ""stopped"", ""accepting"", ""driver"", ""would"", ""not"", ""click"", ""place"", ""serious"", ""not"", ""tell"", ""hit"", ""first"", ""battery"", ""charge"", ""exhausted"", ""second"", ""car"", ""also"", ""stopped"", ""accepting"", ""driver"", ""point"", ""stopped"", ""boxed"", ""everything"", ""returned""]",cars ton fun minutes drivers rod backside slides hole car seat spring loaded secures click car hits button side car driver ejected spring car makes crash noises really cool cars maneuverable get rechargeable batteries remotes work great working well worth money minutes adult supervised play one cars stopped making crash noises eh no problem still tell car tagged driver flies one cars stopped accepting driver would not click place serious not tell hit first battery charge exhausted second car also stopped accepting driver point stopped boxed everything returned
en_0934981,Absolutely beautiful!,absolutely beautiful!,[],absolutely beautiful!,absolutely beautiful,"[""absolutely"", ""beautiful""]",[],"[""absolutely"", ""beautiful""]",absolutely beautiful
en_0077030,"This foam/air mattress is great for the price. We just had a baby, which has lead to some disrupted sleep. I've been able to comfortably sleep in other rooms of the house to catch a nap, etc. It's easy to roll out and inflate, and folds up easily too. It can also double as a very nice seat cushion when folded. My only complaint is that I occasionally find myself ""hot"" on it - it doesn't really dissipate heat well.","this foam/air mattress is great for the price. we just had a baby, which has lead to some disrupted sleep. i've been able to comfortably sleep in other rooms of the house to catch a nap, etc. it's easy to roll out and inflate, and folds up easily too. it can also double as a very nice seat cushion when folded. my only complaint is that i occasionally find myself ""hot"" on it - it doesn't really dissipate heat well.",[],"this foam/air mattress is great for the price. we just had a baby, which has lead to some disrupted sleep. i've been able to comfortably sleep in other rooms of the house to catch a nap, etc. it's easy to roll out and inflate, and folds up easily too. it can also double as a very nice seat cushion when folded. my only complaint is that i occasionally find myself ""hot"" on it - it doesn't really dissipate heat well.",this foam air mattress is great for the price we just had a baby which has lead to some disrupted sleep i ve been able to comfortably sleep in other rooms of the house to catch a nap etc it s easy to roll out and inflate and folds up easily too it can also double as a very nice seat cushion when folded my only complaint is that i occasionally find myself hot on it it does not really dissipate heat well,"[""this"", ""foam"", ""air"", ""mattress"", ""is"", ""great"", ""for"", ""the"", ""price"", ""we"", ""just"", ""had"", ""a"", ""baby"", ""which"", ""has"", ""lead"", ""to"", ""some"", ""disrupted"", ""sleep"", ""i"", ""ve"", ""been"", ""able"", ""to"", ""comfortably"", ""sleep"", ""in"", ""other"", ""rooms"", ""of"", ""the"", ""house"", ""to"", ""catch"", ""a"", ""nap"", ""etc"", ""it"", ""s"", ""easy"", ""to"", ""roll"", ""out"", ""and"", ""inflate"", ""and"", ""folds"", ""up"", ""easily"", ""too"", ""it"", ""can"", ""also"", ""double"", ""as"", ""a"", ""very"", ""nice"", ""seat"", ""cushion"", ""when"", ""folded"", ""my"", ""only"", ""complaint"", ""is"", ""that"", ""i"", ""occasionally"", ""find"", ""myself"", ""hot"", ""on"", ""it"", ""it"", ""does"", ""not"", ""really"", ""dissipate"", ""heat"", ""well""]","[""this"", ""is"", ""for"", ""the"", ""we"", ""just"", ""had"", ""a"", ""which"", ""has"", ""to"", ""some"", ""i"", ""ve"", ""been"", ""to"", ""in"", ""other"", ""of"", ""the"", ""to"", ""a"", ""it"", ""s"", ""to"", ""out"", ""and"", ""and"", ""up"", ""too"", ""it"", ""can"", ""as"", ""a"", ""very"", ""when"", ""my"", ""only"", ""is"", ""that"", ""i"", ""myself"", ""on"", ""it"", ""it"", ""does""]","[""foam"", ""air"", ""mattress"", ""great"", ""price"", ""baby"", ""lead"", ""disrupted"", ""sleep"", ""able"", ""comfortably"", ""sleep"", ""rooms"", ""house"", ""catch"", ""nap"", ""etc"", ""easy"", ""roll"", ""inflate"", ""folds"", ""easily"", ""also"", ""double"", ""nice"", ""seat"", ""cushion"", ""folded"", ""complaint"", ""occasionally"", ""find"", ""hot"", ""not"", ""really"", ""dissipate"", ""heat"", ""well""]",foam air mattress great price baby lead disrupted sleep able comfortably sleep rooms house catch nap etc easy roll inflate folds easily also double nice seat cushion folded complaint occasionally find hot not really dissipate heat well
en_0728647,"The replacement ear hooks never arrived and tracking said that they should have arrived more than a week ago. This is very frustrating, please send the ear hooks to me as soon as possible.","the replacement ear hooks never arrived and tracking said that they should have arrived more than a week ago. this is very frustrating, please send the ear hooks to me as soon as possible.",[],"the replacement ear hooks never arrived and tracking said that they should have arrived more than a week ago. this is very frustrating, please send the ear hooks to me as soon as possible.",the replacement ear hooks never arrived and tracking said that they should have arrived more than a week ago this is very frustrating please send the ear hooks to me as soon as possible,"[""the"", ""replacement"", ""ear"", ""hooks"", ""never"", ""arrived"", ""and"", ""tracking"", ""said"", ""that"", ""they"", ""should"", ""have"", ""arrived"", ""more"", ""than"", ""a"", ""week"", ""ago"", ""this"", ""is"", ""very"", ""frustrating"", ""please"", ""send"", ""the"", ""ear"", ""hooks"", ""to"", ""me"", ""as"", ""soon"", ""as"", ""possible""]","[""the"", ""and"", ""that"", ""they"", ""should"", ""have"", ""more"", ""than"", ""a"", ""this"", ""is"", ""very"", ""the"", ""to"", ""me"", ""as"", ""as""]","[""replacement"", ""ear"", ""hooks"", ""never"", ""arrived"", ""tracking"", ""said"", ""arrived"", ""week"", ""ago"", ""frustrating"", ""please"", ""send"", ""ear"", ""hooks"", ""soon"", ""possible""]",replacement ear hooks never arrived tracking said arrived week ago frustrating please send ear hooks soon possible
en_0493278,Looks good on my Santa Claus.,looks good on my santa claus.,[],looks good on my santa claus.,looks good on my santa claus,"[""looks"", ""good"", ""on"", ""my"", ""santa"", ""claus""]","[""on"", ""my""]","[""looks"", ""good"", ""santa"", ""claus""]",looks good santa claus
en_0505350,We absolutely love this hover ball set. Really great toy for a good price.,we absolutely love this hover ball set. really great toy for a good price.,[],we absolutely love this hover ball set. really great toy for a good price.,we absolutely love this hover ball set really great toy for a good price,"[""we"", ""absolutely"", ""love"", ""this"", ""hover"", ""ball"", ""set"", ""really"", ""great"", ""toy"", ""for"", ""a"", ""good"", ""price""]","[""we"", ""this"", ""for"", ""a""]","[""absolutely"", ""love"", ""hover"", ""ball"", ""set"", ""really"", ""great"", ""toy"", ""good"", ""price""]",absolutely love hover ball set really great toy good price
en_0734083,"The product has helped my gastritis significantly. However, the loose tea could be cleaner. Some of the pieces of plant looked brownish and as I was adding some to a small pot of boiling water I noticed there was something that went straight down the pot. I pulled it out and noticed it was a small rock. I also found a small feather. Not cool at all. Since the tea did not seem as clean as I thought from then on I check the herbal pieces that I use carefully and boil the herbs in the water for a bit more before I drink the tea. Once I finish it off I will move on to tea bags and not use this loose tea brand. Otherwise I would have given it 5 stars.","the product has helped my gastritis significantly. however, the loose tea could be cleaner. some of the pieces of plant looked brownish and as i was adding some to a small pot of boiling water i noticed there was something that went straight down the pot. i pulled it out and noticed it was a small rock. i also found a small feather. not cool at all. since the tea did not seem as clean as i thought from then on i check the herbal pieces that i use carefully and boil the herbs in the water for a bit more before i drink the tea. once i finish it off i will move on to tea bags and not use this loose tea brand. otherwise i would have given it 5 stars.",[],"the product has helped my gastritis significantly. however, the loose tea could be cleaner. some of the pieces of plant looked brownish and as i was adding some to a small pot of boiling water i noticed there was something that went straight down the pot. i pulled it out and noticed it was a small rock. i also found a small feather. not cool at all. since the tea did not seem as clean as i thought from then on i check the herbal pieces that i use carefully and boil the herbs in the water for a bit more before i drink the tea. once i finish it off i will move on to tea bags and not use this loose tea brand. otherwise i would have given it 5 stars.",the product has helped my gastritis significantly however the loose tea could be cleaner some of the pieces of plant looked brownish and as i was adding some to a small pot of boiling water i noticed there was something that went straight down the pot i pulled it out and noticed it was a small rock i also found a small feather not cool at all since the tea did not seem as clean as i thought from then on i check the herbal pieces that i use carefully and boil the herbs in the water for a bit more before i drink the tea once i finish it off i will move on to tea bags and not use this loose tea brand otherwise i would have given it stars,"[""the"", ""product"", ""has"", ""helped"", ""my"", ""gastritis"", ""significantly"", ""however"", ""the"", ""loose"", ""tea"", ""could"", ""be"", ""cleaner"", ""some"", ""of"", ""the"", ""pieces"", ""of"", ""plant"", ""looked"", ""brownish"", ""and"", ""as"", ""i"", ""was"", ""adding"", ""some"", ""to"", ""a"", ""small"", ""pot"", ""of"", ""boiling"", ""water"", ""i"", ""noticed"", ""there"", ""was"", ""something"", ""that"", ""went"", ""straight"", ""down"", ""the"", ""pot"", ""i"", ""pulled"", ""it"", ""out"", ""and"", ""noticed"", ""it"", ""was"", ""a"", ""small"", ""rock"", ""i"", ""also"", ""found"", ""a"", ""small"", ""feather"", ""not"", ""cool"", ""at"", ""all"", ""since"", ""the"", ""tea"", ""did"", ""not"", ""seem"", ""as"", ""clean"", ""as"", ""i"", ""thought"", ""from"", ""then"", ""on"", ""i"", ""check"", ""the"", ""herbal"", ""pieces"", ""that"", ""i"", ""use"", ""carefully"", ""and"", ""boil"", ""the"", ""herbs"", ""in"", ""the"", ""water"", ""for"", ""a"", ""bit"", ""more"", ""before"", ""i"", ""drink"", ""the"", ""tea"", ""once"", ""i"", ""finish"", ""it"", ""off"", ""i"", ""will"", ""move"", ""on"", ""to"", ""tea"", ""bags"", ""and"", ""not"", ""use"", ""this"", ""loose"", ""tea"", ""brand"", ""otherwise"", ""i"", ""would"", ""have"", ""given"", ""it"", ""stars""]","[""the"", ""has"", ""my"", ""the"", ""be"", ""some"", ""of"", ""the"", ""of"", ""and"", ""as"", ""i"", ""was"", ""some"", ""to"", ""a"", ""of"", ""i"", ""there"", ""was"", ""that"", ""down"", ""the"", ""i"", ""it"", ""out"", ""and"", ""it"", ""was"", ""a"", ""i"", ""a"", ""at"", ""all"", ""the"", ""did"", ""as"", ""as"", ""i"", ""from"", ""then"", ""on"", ""i"", ""the"", ""that"", ""i"", ""and"", ""the"", ""in"", ""the"", ""for"", ""a"", ""more"", ""before"", ""i"", ""the"", ""once"", ""i"", ""it"", ""off"", ""i"", ""will"", ""on"", ""to"", ""and"", ""this"", ""i"", ""have"", ""it""]","[""product"", ""helped"", ""gastritis"", ""significantly"", ""however"", ""loose"", ""tea"", ""could"", ""cleaner"", ""pieces"", ""plant"", ""looked"", ""brownish"", ""adding"", ""small"", ""pot"", ""boiling"", ""water"", ""noticed"", ""something"", ""went"", ""straight"", ""pot"", ""pulled"", ""noticed"", ""small"", ""rock"", ""also"", ""found"", ""small"", ""feather"", ""not"", ""cool"", ""since"", ""tea"", ""not"", ""seem"", ""clean"", ""thought"", ""check"", ""herbal"", ""pieces"", ""use"", ""carefully"", ""boil"", ""herbs"", ""water"", ""bit"", ""drink"", ""tea"", ""finish"", ""move"", ""tea"", ""bags"", ""not"", ""use"", ""loose"", ""tea"", ""brand"", ""otherwise"", ""would"", ""given"", ""stars""]",product helped gastritis significantly however loose tea could cleaner pieces plant looked brownish adding small pot boiling water noticed something went straight pot pulled noticed small rock also found small feather not cool since tea not seem clean thought check herbal pieces use carefully boil herbs water bit drink tea finish move tea bags not use loose tea brand otherwise would given stars
en_0469559,I thought it would be bigger,i thought it would be bigger,[],i thought it would be bigger,i thought it would be bigger,"[""i"", ""thought"", ""it"", ""would"", ""be"", ""bigger""]","[""i"", ""it"", ""be""]","[""thought"", ""would"", ""bigger""]",thought would bigger
en_0760188,It is always a good time when Hal and his growing brood get together and this Christmas time novella was no different.,it is always a good time when hal and his growing brood get together and this christmas time novella was no different.,[],it is always a good time when hal and his growing brood get together and this christmas time novella was no different.,it is always a good time when hal and his growing brood get together and this christmas time novella was no different,"[""it"", ""is"", ""always"", ""a"", ""good"", ""time"", ""when"", ""hal"", ""and"", ""his"", ""growing"", ""brood"", ""get"", ""together"", ""and"", ""this"", ""christmas"", ""time"", ""novella"", ""was"", ""no"", ""different""]","[""it"", ""is"", ""a"", ""when"", ""and"", ""his"", ""and"", ""this"", ""was""]","[""always"", ""good"", ""time"", ""hal"", ""growing"", ""brood"", ""get"", ""together"", ""christmas"", ""time"", ""novella"", ""no"", ""different""]",always good time hal growing brood get together christmas time novella no different
en_0113904,"love the look, super soft BUT I have thin, narrow feet so the toe box is huge and the shoe easily falls off and didn't expect the sole to be so elevated. would be perfect for someone with wide/thicker feet but I'm a little disappointed","love the look, super soft but i have thin, narrow feet so the toe box is huge and the shoe easily falls off and didn't expect the sole to be so elevated. would be perfect for someone with wide/thicker feet but i'm a little disappointed",[],"love the look, super soft but i have thin, narrow feet so the toe box is huge and the shoe easily falls off and didn't expect the sole to be so elevated. would be perfect for someone with wide/thicker feet but i'm a little disappointed",love the look super soft but i have thin narrow feet so the toe box is huge and the shoe easily falls off and did not expect the sole to be so elevated would be perfect for someone with wide thicker feet but i m a little disappointed,"[""love"", ""the"", ""look"", ""super"", ""soft"", ""but"", ""i"", ""have"", ""thin"", ""narrow"", ""feet"", ""so"", ""the"", ""toe"", ""box"", ""is"", ""huge"", ""and"", ""the"", ""shoe"", ""easily"", ""falls"", ""off"", ""and"", ""did"", ""not"", ""expect"", ""the"", ""sole"", ""to"", ""be"", ""so"", ""elevated"", ""would"", ""be"", ""perfect"", ""for"", ""someone"", ""with"", ""wide"", ""thicker"", ""feet"", ""but"", ""i"", ""m"", ""a"", ""little"", ""disappointed""]","[""the"", ""but"", ""i"", ""have"", ""so"", ""the"", ""is"", ""and"", ""the"", ""off"", ""and"", ""did"", ""the"", ""to"", ""be"", ""so"", ""be"", ""for"", ""with"", ""but"", ""i"", ""m"", ""a""]","[""love"", ""look"", ""super"", ""soft"", ""thin"", ""narrow"", ""feet"", ""toe"", ""box"", ""huge"", ""shoe"", ""easily"", ""falls"", ""not"", ""expect"", ""sole"", ""elevated"", ""would"", ""perfect"", ""someone"", ""wide"", ""thicker"", ""feet"", ""little"", ""disappointed""]",love look super soft thin narrow feet toe box huge shoe easily falls not expect sole elevated would perfect someone wide thicker feet little disappointed
en_0398761,Great Price. Great Quality!,great price. great quality!,[],great price. great quality!,great price great quality,"[""great"", ""price"", ""great"", ""quality""]",[],"[""great"", ""price"", ""great"", ""quality""]",great price great quality
en_0578549,"I would of rather enjoyed the band without the ""bling"" because the bling makes it look cheap.","i would of rather enjoyed the band without the ""bling"" because the bling makes it look cheap.",[],"i would of rather enjoyed the band without the ""bling"" because the bling makes it look cheap.",i would of rather enjoyed the band without the bling because the bling makes it look cheap,"[""i"", ""would"", ""of"", ""rather"", ""enjoyed"", ""the"", ""band"", ""without"", ""the"", ""bling"", ""because"", ""the"", ""bling"", ""makes"", ""it"", ""look"", ""cheap""]","[""i"", ""of"", ""the"", ""the"", ""because"", ""the"", ""it""]","[""would"", ""rather"", ""enjoyed"", ""band"", ""without"", ""bling"", ""bling"", ""makes"", ""look"", ""cheap""]",would rather enjoyed band without bling bling makes look cheap
en_0642997,She seemed to enjoy playing with it.,she seemed to enjoy playing with it.,[],she seemed to enjoy playing with it.,she seemed to enjoy playing with it,"[""she"", ""seemed"", ""to"", ""enjoy"", ""playing"", ""with"", ""it""]","[""she"", ""to"", ""with"", ""it""]","[""seemed"", ""enjoy"", ""playing""]",seemed enjoy playing
en_0829167,"I was hoping to read a story about sailing, but way to much about cooking which I have no interest in. The author is a good writer; I just have different interests.","i was hoping to read a story about sailing, but way to much about cooking which i have no interest in. the author is a good writer; i just have different interests.",[],"i was hoping to read a story about sailing, but way to much about cooking which i have no interest in. the author is a good writer; i just have different interests.",i was hoping to read a story about sailing but way to much about cooking which i have no interest in the author is a good writer i just have different interests,"[""i"", ""was"", ""hoping"", ""to"", ""read"", ""a"", ""story"", ""about"", ""sailing"", ""but"", ""way"", ""to"", ""much"", ""about"", ""cooking"", ""which"", ""i"", ""have"", ""no"", ""interest"", ""in"", ""the"", ""author"", ""is"", ""a"", ""good"", ""writer"", ""i"", ""just"", ""have"", ""different"", ""interests""]","[""i"", ""was"", ""to"", ""a"", ""about"", ""but"", ""to"", ""about"", ""which"", ""i"", ""have"", ""in"", ""the"", ""is"", ""a"", ""i"", ""just"", ""have""]","[""hoping"", ""read"", ""story"", ""sailing"", ""way"", ""much"", ""cooking"", ""no"", ""interest"", ""author"", ""good"", ""writer"", ""different"", ""interests""]",hoping read story sailing way much cooking no interest author good writer different interests
en_0706226,They were exactly what I needed at the very affordable price and in many colors,they were exactly what i needed at the very affordable price and in many colors,[],they were exactly what i needed at the very affordable price and in many colors,they were exactly what i needed at the very affordable price and in many colors,"[""they"", ""were"", ""exactly"", ""what"", ""i"", ""needed"", ""at"", ""the"", ""very"", ""affordable"", ""price"", ""and"", ""in"", ""many"", ""colors""]","[""they"", ""were"", ""what"", ""i"", ""at"", ""the"", ""very"", ""and"", ""in""]","[""exactly"", ""needed"", ""affordable"", ""price"", ""many"", ""colors""]",exactly needed affordable price many colors
en_0712351,"This green laser is the way to go at night or semi dark. I have used it on targets out to 200 yards. However, the remote switch on it is poorly constructed and does not always make contact. I would only get this product with the recharger and rechargeable batteries. Sighting this device in is easy enough, but it doesn't hold where there is more recoil involved, like on a heavier, larger caliber rifle. For the price, its nice, and works for those essential first shots....","this green laser is the way to go at night or semi dark. i have used it on targets out to 200 yards. however, the remote switch on it is poorly constructed and does not always make contact. i would only get this product with the recharger and rechargeable batteries. sighting this device in is easy enough, but it doesn't hold where there is more recoil involved, like on a heavier, larger caliber rifle. for the price, its nice, and works for those essential first shots....",[],"this green laser is the way to go at night or semi dark. i have used it on targets out to 200 yards. however, the remote switch on it is poorly constructed and does not always make contact. i would only get this product with the recharger and rechargeable batteries. sighting this device in is easy enough, but it doesn't hold where there is more recoil involved, like on a heavier, larger caliber rifle. for the price, its nice, and works for those essential first shots....",this green laser is the way to go at night or semi dark i have used it on targets out to yards however the remote switch on it is poorly constructed and does not always make contact i would only get this product with the recharger and rechargeable batteries sighting this device in is easy enough but it does not hold where there is more recoil involved like on a heavier larger caliber rifle for the price its nice and works for those essential first shots,"[""this"", ""green"", ""laser"", ""is"", ""the"", ""way"", ""to"", ""go"", ""at"", ""night"", ""or"", ""semi"", ""dark"", ""i"", ""have"", ""used"", ""it"", ""on"", ""targets"", ""out"", ""to"", ""yards"", ""however"", ""the"", ""remote"", ""switch"", ""on"", ""it"", ""is"", ""poorly"", ""constructed"", ""and"", ""does"", ""not"", ""always"", ""make"", ""contact"", ""i"", ""would"", ""only"", ""get"", ""this"", ""product"", ""with"", ""the"", ""recharger"", ""and"", ""rechargeable"", ""batteries"", ""sighting"", ""this"", ""device"", ""in"", ""is"", ""easy"", ""enough"", ""but"", ""it"", ""does"", ""not"", ""hold"", ""where"", ""there"", ""is"", ""more"", ""recoil"", ""involved"", ""like"", ""on"", ""a"", ""heavier"", ""larger"", ""caliber"", ""rifle"", ""for"", ""the"", ""price"", ""its"", ""nice"", ""and"", ""works"", ""for"", ""those"", ""essential"", ""first"", ""shots""]","[""this"", ""is"", ""the"", ""to"", ""at"", ""or"", ""i"", ""have"", ""it"", ""on"", ""out"", ""to"", ""the"", ""on"", ""it"", ""is"", ""and"", ""does"", ""i"", ""only"", ""this"", ""with"", ""the"", ""and"", ""this"", ""in"", ""is"", ""but"", ""it"", ""does"", ""where"", ""there"", ""is"", ""more"", ""on"", ""a"", ""for"", ""the"", ""its"", ""and"", ""for"", ""those""]","[""green"", ""laser"", ""way"", ""go"", ""night"", ""semi"", ""dark"", ""used"", ""targets"", ""yards"", ""however"", ""remote"", ""switch"", ""poorly"", ""constructed"", ""not"", ""always"", ""make"", ""contact"", ""would"", ""get"", ""product"", ""recharger"", ""rechargeable"", ""batteries"", ""sighting"", ""device"", ""easy"", ""enough"", ""not"", ""hold"", ""recoil"", ""involved"", ""like"", ""heavier"", ""larger"", ""caliber"", ""rifle"", ""price"", ""nice"", ""works"", ""essential"", ""first"", ""shots""]",green laser way go night semi dark used targets yards however remote switch poorly constructed not always make contact would get product recharger rechargeable batteries sighting device easy enough not hold recoil involved like heavier larger caliber rifle price nice works essential first shots
en_0053093,"Product was easy to install but was useless after. We got this to keep an eye on our house while we were away and as soon as we left our WiFi area..,there was no signal at al. We were gone for a week and had no way to resolve the issue!! Very disappointing!!","product was easy to install but was useless after. we got this to keep an eye on our house while we were away and as soon as we left our wifi area..,there was no signal at al. we were gone for a week and had no way to resolve the issue!! very disappointing!!",[],"product was easy to install but was useless after. we got this to keep an eye on our house while we were away and as soon as we left our wifi area..,there was no signal at al. we were gone for a week and had no way to resolve the issue!! very disappointing!!",product was easy to install but was useless after we got this to keep an eye on our house while we were away and as soon as we left our wifi area there was no signal at al we were gone for a week and had no way to resolve the issue very disappointing,"[""product"", ""was"", ""easy"", ""to"", ""install"", ""but"", ""was"", ""useless"", ""after"", ""we"", ""got"", ""this"", ""to"", ""keep"", ""an"", ""eye"", ""on"", ""our"", ""house"", ""while"", ""we"", ""were"", ""away"", ""and"", ""as"", ""soon"", ""as"", ""we"", ""left"", ""our"", ""wifi"", ""area"", ""there"", ""was"", ""no"", ""signal"", ""at"", ""al"", ""we"", ""were"", ""gone"", ""for"", ""a"", ""week"", ""and"", ""had"", ""no"", ""way"", ""to"", ""resolve"", ""the"", ""issue"", ""very"", ""disappointing""]","[""was"", ""to"", ""but"", ""was"", ""after"", ""we"", ""this"", ""to"", ""an"", ""on"", ""our"", ""while"", ""we"", ""were"", ""and"", ""as"", ""as"", ""we"", ""our"", ""there"", ""was"", ""at"", ""we"", ""were"", ""for"", ""a"", ""and"", ""had"", ""to"", ""the"", ""very""]","[""product"", ""easy"", ""install"", ""useless"", ""got"", ""keep"", ""eye"", ""house"", ""away"", ""soon"", ""left"", ""wifi"", ""area"", ""no"", ""signal"", ""al"", ""gone"", ""week"", ""no"", ""way"", ""resolve"", ""issue"", ""disappointing""]",product easy install useless got keep eye house away soon left wifi area no signal al gone week no way resolve issue disappointing
en_0994668,The edges of the silicone were not as clean cut or smooth as expected,the edges of the silicone were not as clean cut or smooth as expected,[],the edges of the silicone were not as clean cut or smooth as expected,the edges of the silicone were not as clean cut or smooth as expected,"[""the"", ""edges"", ""of"", ""the"", ""silicone"", ""were"", ""not"", ""as"", ""clean"", ""cut"", ""or"", ""smooth"", ""as"", ""expected""]","[""the"", ""of"", ""the"", ""were"", ""as"", ""or"", ""as""]","[""edges"", ""silicone"", ""not"", ""clean"", ""cut"", ""smooth"", ""expected""]",edges silicone not clean cut smooth expected
en_0165189,Hard to use. Doesn't effectively cut the dough. Also doesn't come with instructions.,hard to use. doesn't effectively cut the dough. also doesn't come with instructions.,[],hard to use. doesn't effectively cut the dough. also doesn't come with instructions.,hard to use does not effectively cut the dough also does not come with instructions,"[""hard"", ""to"", ""use"", ""does"", ""not"", ""effectively"", ""cut"", ""the"", ""dough"", ""also"", ""does"", ""not"", ""come"", ""with"", ""instructions""]","[""to"", ""does"", ""the"", ""does"", ""with""]","[""hard"", ""use"", ""not"", ""effectively"", ""cut"", ""dough"", ""also"", ""not"", ""come"", ""instructions""]",hard use not effectively cut dough also not come instructions
en_0204389,"Even though this is suppose to fit our model shop vac, we have a hard time putting the top on. I believe it is a bit higher than the original one that came with our shop vac. It took some time and effort to get the top latched properly.","even though this is suppose to fit our model shop vac, we have a hard time putting the top on. i believe it is a bit higher than the original one that came with our shop vac. it took some time and effort to get the top latched properly.",[],"even though this is suppose to fit our model shop vac, we have a hard time putting the top on. i believe it is a bit higher than the original one that came with our shop vac. it took some time and effort to get the top latched properly.",even though this is suppose to fit our model shop vac we have a hard time putting the top on i believe it is a bit higher than the original one that came with our shop vac it took some time and effort to get the top latched properly,"[""even"", ""though"", ""this"", ""is"", ""suppose"", ""to"", ""fit"", ""our"", ""model"", ""shop"", ""vac"", ""we"", ""have"", ""a"", ""hard"", ""time"", ""putting"", ""the"", ""top"", ""on"", ""i"", ""believe"", ""it"", ""is"", ""a"", ""bit"", ""higher"", ""than"", ""the"", ""original"", ""one"", ""that"", ""came"", ""with"", ""our"", ""shop"", ""vac"", ""it"", ""took"", ""some"", ""time"", ""and"", ""effort"", ""to"", ""get"", ""the"", ""top"", ""latched"", ""properly""]","[""this"", ""is"", ""to"", ""our"", ""we"", ""have"", ""a"", ""the"", ""on"", ""i"", ""it"", ""is"", ""a"", ""than"", ""the"", ""that"", ""with"", ""our"", ""it"", ""some"", ""and"", ""to"", ""the""]","[""even"", ""though"", ""suppose"", ""fit"", ""model"", ""shop"", ""vac"", ""hard"", ""time"", ""putting"", ""top"", ""believe"", ""bit"", ""higher"", ""original"", ""one"", ""came"", ""shop"", ""vac"", ""took"", ""time"", ""effort"", ""get"", ""top"", ""latched"", ""properly""]",even though suppose fit model shop vac hard time putting top believe bit higher original one came shop vac took time effort get top latched properly
en_0953000,Had this trimmer for 6 months and just stopped working. Worked great while it would turn on. I used it max twice a week. I wouldn’t recommend the product.,had this trimmer for 6 months and just stopped working. worked great while it would turn on. i used it max twice a week. i wouldn't recommend the product.,[],had this trimmer for 6 months and just stopped working. worked great while it would turn on. i used it max twice a week. i wouldn't recommend the product.,had this trimmer for months and just stopped working worked great while it would turn on i used it max twice a week i would not recommend the product,"[""had"", ""this"", ""trimmer"", ""for"", ""months"", ""and"", ""just"", ""stopped"", ""working"", ""worked"", ""great"", ""while"", ""it"", ""would"", ""turn"", ""on"", ""i"", ""used"", ""it"", ""max"", ""twice"", ""a"", ""week"", ""i"", ""would"", ""not"", ""recommend"", ""the"", ""product""]","[""had"", ""this"", ""for"", ""and"", ""just"", ""while"", ""it"", ""on"", ""i"", ""it"", ""a"", ""i"", ""the""]","[""trimmer"", ""months"", ""stopped"", ""working"", ""worked"", ""great"", ""would"", ""turn"", ""used"", ""max"", ""twice"", ""week"", ""would"", ""not"", ""recommend"", ""product""]",trimmer months stopped working worked great would turn used max twice week would not recommend product
en_0950019,I ordered this back in May and now we are on vacation and I used it for a third time and a piece of the plastic spoke snapped in half therefore the one side doesn’t stay up.,i ordered this back in may and now we are on vacation and i used it for a third time and a piece of the plastic spoke snapped in half therefore the one side doesn't stay up.,[],i ordered this back in may and now we are on vacation and i used it for a third time and a piece of the plastic spoke snapped in half therefore the one side doesn't stay up.,i ordered this back in may and now we are on vacation and i used it for a third time and a piece of the plastic spoke snapped in half therefore the one side does not stay up,"[""i"", ""ordered"", ""this"", ""back"", ""in"", ""may"", ""and"", ""now"", ""we"", ""are"", ""on"", ""vacation"", ""and"", ""i"", ""used"", ""it"", ""for"", ""a"", ""third"", ""time"", ""and"", ""a"", ""piece"", ""of"", ""the"", ""plastic"", ""spoke"", ""snapped"", ""in"", ""half"", ""therefore"", ""the"", ""one"", ""side"", ""does"", ""not"", ""stay"", ""up""]","[""i"", ""this"", ""in"", ""and"", ""now"", ""we"", ""are"", ""on"", ""and"", ""i"", ""it"", ""for"", ""a"", ""and"", ""a"", ""of"", ""the"", ""in"", ""the"", ""does"", ""up""]","[""ordered"", ""back"", ""may"", ""vacation"", ""used"", ""third"", ""time"", ""piece"", ""plastic"", ""spoke"", ""snapped"", ""half"", ""therefore"", ""one"", ""side"", ""not"", ""stay""]",ordered back may vacation used third time piece plastic spoke snapped half therefore one side not stay
en_0750200,"It is a nice seat but installation was more difficult than other seats. It fits long oval toilets, not the common round ones you see in most homes. It closes nice and easy once it has been installed correctly. It took me a little work but now it is attached","it is a nice seat but installation was more difficult than other seats. it fits long oval toilets, not the common round ones you see in most homes. it closes nice and easy once it has been installed correctly. it took me a little work but now it is attached",[],"it is a nice seat but installation was more difficult than other seats. it fits long oval toilets, not the common round ones you see in most homes. it closes nice and easy once it has been installed correctly. it took me a little work but now it is attached",it is a nice seat but installation was more difficult than other seats it fits long oval toilets not the common round ones you see in most homes it closes nice and easy once it has been installed correctly it took me a little work but now it is attached,"[""it"", ""is"", ""a"", ""nice"", ""seat"", ""but"", ""installation"", ""was"", ""more"", ""difficult"", ""than"", ""other"", ""seats"", ""it"", ""fits"", ""long"", ""oval"", ""toilets"", ""not"", ""the"", ""common"", ""round"", ""ones"", ""you"", ""see"", ""in"", ""most"", ""homes"", ""it"", ""closes"", ""nice"", ""and"", ""easy"", ""once"", ""it"", ""has"", ""been"", ""installed"", ""correctly"", ""it"", ""took"", ""me"", ""a"", ""little"", ""work"", ""but"", ""now"", ""it"", ""is"", ""attached""]","[""it"", ""is"", ""a"", ""but"", ""was"", ""more"", ""than"", ""other"", ""it"", ""the"", ""you"", ""in"", ""most"", ""it"", ""and"", ""once"", ""it"", ""has"", ""been"", ""it"", ""me"", ""a"", ""but"", ""now"", ""it"", ""is""]","[""nice"", ""seat"", ""installation"", ""difficult"", ""seats"", ""fits"", ""long"", ""oval"", ""toilets"", ""not"", ""common"", ""round"", ""ones"", ""see"", ""homes"", ""closes"", ""nice"", ""easy"", ""installed"", ""correctly"", ""took"", ""little"", ""work"", ""attached""]",nice seat installation difficult seats fits long oval toilets not common round ones see homes closes nice easy installed correctly took little work attached
en_0225332,"Not quite what we expected. Bristles are too hard. And it does not fit quite right on the shaft of the toothbrush. We decided to keep them, but next time we'll try something else.","not quite what we expected. bristles are too hard. and it does not fit quite right on the shaft of the toothbrush. we decided to keep them, but next time we'll try something else.",[],"not quite what we expected. bristles are too hard. and it does not fit quite right on the shaft of the toothbrush. we decided to keep them, but next time we'll try something else.",not quite what we expected bristles are too hard and it does not fit quite right on the shaft of the toothbrush we decided to keep them but next time we ll try something else,"[""not"", ""quite"", ""what"", ""we"", ""expected"", ""bristles"", ""are"", ""too"", ""hard"", ""and"", ""it"", ""does"", ""not"", ""fit"", ""quite"", ""right"", ""on"", ""the"", ""shaft"", ""of"", ""the"", ""toothbrush"", ""we"", ""decided"", ""to"", ""keep"", ""them"", ""but"", ""next"", ""time"", ""we"", ""ll"", ""try"", ""something"", ""else""]","[""what"", ""we"", ""are"", ""too"", ""and"", ""it"", ""does"", ""on"", ""the"", ""of"", ""the"", ""we"", ""to"", ""them"", ""but"", ""we"", ""ll""]","[""not"", ""quite"", ""expected"", ""bristles"", ""hard"", ""not"", ""fit"", ""quite"", ""right"", ""shaft"", ""toothbrush"", ""decided"", ""keep"", ""next"", ""time"", ""try"", ""something"", ""else""]",not quite expected bristles hard not fit quite right shaft toothbrush decided keep next time try something else
en_0809003,Lost it after a week because the band wouldn’t stay clasped. Terribly made.,lost it after a week because the band wouldn't stay clasped. terribly made.,[],lost it after a week because the band wouldn't stay clasped. terribly made.,lost it after a week because the band would not stay clasped terribly made,"[""lost"", ""it"", ""after"", ""a"", ""week"", ""because"", ""the"", ""band"", ""would"", ""not"", ""stay"", ""clasped"", ""terribly"", ""made""]","[""it"", ""after"", ""a"", ""because"", ""the""]","[""lost"", ""week"", ""band"", ""would"", ""not"", ""stay"", ""clasped"", ""terribly"", ""made""]",lost week band would not stay clasped terribly made
en_0050616,Sound quality and connectivity is great. I'm giving it 4 instead of 5 for battery life. Other than that I love it.,sound quality and connectivity is great. i'm giving it 4 instead of 5 for battery life. other than that i love it.,[],sound quality and connectivity is great. i'm giving it 4 instead of 5 for battery life. other than that i love it.,sound quality and connectivity is great i m giving it instead of for battery life other than that i love it,"[""sound"", ""quality"", ""and"", ""connectivity"", ""is"", ""great"", ""i"", ""m"", ""giving"", ""it"", ""instead"", ""of"", ""for"", ""battery"", ""life"", ""other"", ""than"", ""that"", ""i"", ""love"", ""it""]","[""and"", ""is"", ""i"", ""m"", ""it"", ""of"", ""for"", ""other"", ""than"", ""that"", ""i"", ""it""]","[""sound"", ""quality"", ""connectivity"", ""great"", ""giving"", ""instead"", ""battery"", ""life"", ""love""]",sound quality connectivity great giving instead battery life love
en_0249346,"I have astigmatism, but some red dots work for me and some don't in day light at least. This one does not sadly. I sent it back immediately so I can't comment on how good it is as a sight.","i have astigmatism, but some red dots work for me and some don't in day light at least. this one does not sadly. i sent it back immediately so i can't comment on how good it is as a sight.",[],"i have astigmatism, but some red dots work for me and some don't in day light at least. this one does not sadly. i sent it back immediately so i can't comment on how good it is as a sight.",i have astigmatism but some red dots work for me and some do not in day light at least this one does not sadly i sent it back immediately so i can not comment on how good it is as a sight,"[""i"", ""have"", ""astigmatism"", ""but"", ""some"", ""red"", ""dots"", ""work"", ""for"", ""me"", ""and"", ""some"", ""do"", ""not"", ""in"", ""day"", ""light"", ""at"", ""least"", ""this"", ""one"", ""does"", ""not"", ""sadly"", ""i"", ""sent"", ""it"", ""back"", ""immediately"", ""so"", ""i"", ""can"", ""not"", ""comment"", ""on"", ""how"", ""good"", ""it"", ""is"", ""as"", ""a"", ""sight""]","[""i"", ""have"", ""but"", ""some"", ""for"", ""me"", ""and"", ""some"", ""do"", ""in"", ""at"", ""this"", ""does"", ""i"", ""it"", ""so"", ""i"", ""can"", ""on"", ""how"", ""it"", ""is"", ""as"", ""a""]","[""astigmatism"", ""red"", ""dots"", ""work"", ""not"", ""day"", ""light"", ""least"", ""one"", ""not"", ""sadly"", ""sent"", ""back"", ""immediately"", ""not"", ""comment"", ""good"", ""sight""]",astigmatism red dots work not day light least one not sadly sent back immediately not comment good sight
en_0014423,I bought these shoes for my daughter and my daughter loved it as they look good in rainbow colors but these shoes broke in less than 5 months. I never expected this from SKETCHERS. Really disappointed. Not worth buying.,i bought these shoes for my daughter and my daughter loved it as they look good in rainbow colors but these shoes broke in less than 5 months. i never expected this from sketchers. really disappointed. not worth buying.,[],i bought these shoes for my daughter and my daughter loved it as they look good in rainbow colors but these shoes broke in less than 5 months. i never expected this from sketchers. really disappointed. not worth buying.,i bought these shoes for my daughter and my daughter loved it as they look good in rainbow colors but these shoes broke in less than months i never expected this from sketchers really disappointed not worth buying,"[""i"", ""bought"", ""these"", ""shoes"", ""for"", ""my"", ""daughter"", ""and"", ""my"", ""daughter"", ""loved"", ""it"", ""as"", ""they"", ""look"", ""good"", ""in"", ""rainbow"", ""colors"", ""but"", ""these"", ""shoes"", ""broke"", ""in"", ""less"", ""than"", ""months"", ""i"", ""never"", ""expected"", ""this"", ""from"", ""sketchers"", ""really"", ""disappointed"", ""not"", ""worth"", ""buying""]","[""i"", ""these"", ""for"", ""my"", ""and"", ""my"", ""it"", ""as"", ""they"", ""in"", ""but"", ""these"", ""in"", ""than"", ""i"", ""this"", ""from""]","[""bought"", ""shoes"", ""daughter"", ""daughter"", ""loved"", ""look"", ""good"", ""rainbow"", ""colors"", ""shoes"", ""broke"", ""less"", ""months"", ""never"", ""expected"", ""sketchers"", ""really"", ""disappointed"", ""not"", ""worth"", ""buying""]",bought shoes daughter daughter loved look good rainbow colors shoes broke less months never expected sketchers really disappointed not worth buying
en_0141017,would have been great if it didn't sag in the middle. comfortable for one person but as soon as two got on it you roll into each other to the middle of the bed making it really uncomfortable. We returned it.,would have been great if it didn't sag in the middle. comfortable for one person but as soon as two got on it you roll into each other to the middle of the bed making it really uncomfortable. we returned it.,[],would have been great if it didn't sag in the middle. comfortable for one person but as soon as two got on it you roll into each other to the middle of the bed making it really uncomfortable. we returned it.,would have been great if it did not sag in the middle comfortable for one person but as soon as two got on it you roll into each other to the middle of the bed making it really uncomfortable we returned it,"[""would"", ""have"", ""been"", ""great"", ""if"", ""it"", ""did"", ""not"", ""sag"", ""in"", ""the"", ""middle"", ""comfortable"", ""for"", ""one"", ""person"", ""but"", ""as"", ""soon"", ""as"", ""two"", ""got"", ""on"", ""it"", ""you"", ""roll"", ""into"", ""each"", ""other"", ""to"", ""the"", ""middle"", ""of"", ""the"", ""bed"", ""making"", ""it"", ""really"", ""uncomfortable"", ""we"", ""returned"", ""it""]","[""have"", ""been"", ""if"", ""it"", ""did"", ""in"", ""the"", ""for"", ""but"", ""as"", ""as"", ""on"", ""it"", ""you"", ""into"", ""each"", ""other"", ""to"", ""the"", ""of"", ""the"", ""it"", ""we"", ""it""]","[""would"", ""great"", ""not"", ""sag"", ""middle"", ""comfortable"", ""one"", ""person"", ""soon"", ""two"", ""got"", ""roll"", ""middle"", ""bed"", ""making"", ""really"", ""uncomfortable"", ""returned""]",would great not sag middle comfortable one person soon two got roll middle bed making really uncomfortable returned
en_0929842,No effect at all on my pain,no effect at all on my pain,[],no effect at all on my pain,no effect at all on my pain,"[""no"", ""effect"", ""at"", ""all"", ""on"", ""my"", ""pain""]","[""at"", ""all"", ""on"", ""my""]","[""no"", ""effect"", ""pain""]",no effect pain
en_0706660,"Very light weight, good price.","very light weight, good price.",[],"very light weight, good price.",very light weight good price,"[""very"", ""light"", ""weight"", ""good"", ""price""]","[""very""]","[""light"", ""weight"", ""good"", ""price""]",light weight good price
en_0614613,"It is so cute ! ! ! But within 15 minutes, maybe less, was coming apart. Poor puppy has fallen in love with his new friend! I would not recommend to a friend unless they love vultures. 5 stars for appearance, 1 star for dog-friendliness.","it is so cute ! ! ! but within 15 minutes, maybe less, was coming apart. poor puppy has fallen in love with his new friend! i would not recommend to a friend unless they love vultures. 5 stars for appearance, 1 star for dog-friendliness.",[],"it is so cute ! ! ! but within 15 minutes, maybe less, was coming apart. poor puppy has fallen in love with his new friend! i would not recommend to a friend unless they love vultures. 5 stars for appearance, 1 star for dog-friendliness.",it is so cute but within minutes maybe less was coming apart poor puppy has fallen in love with his new friend i would not recommend to a friend unless they love vultures stars for appearance star for dog friendliness,"[""it"", ""is"", ""so"", ""cute"", ""but"", ""within"", ""minutes"", ""maybe"", ""less"", ""was"", ""coming"", ""apart"", ""poor"", ""puppy"", ""has"", ""fallen"", ""in"", ""love"", ""with"", ""his"", ""new"", ""friend"", ""i"", ""would"", ""not"", ""recommend"", ""to"", ""a"", ""friend"", ""unless"", ""they"", ""love"", ""vultures"", ""stars"", ""for"", ""appearance"", ""star"", ""for"", ""dog"", ""friendliness""]","[""it"", ""is"", ""so"", ""but"", ""was"", ""has"", ""in"", ""with"", ""his"", ""i"", ""to"", ""a"", ""they"", ""for"", ""for""]","[""cute"", ""within"", ""minutes"", ""maybe"", ""less"", ""coming"", ""apart"", ""poor"", ""puppy"", ""fallen"", ""love"", ""new"", ""friend"", ""would"", ""not"", ""recommend"", ""friend"", ""unless"", ""love"", ""vultures"", ""stars"", ""appearance"", ""star"", ""dog"", ""friendliness""]",cute within minutes maybe less coming apart poor puppy fallen love new friend would not recommend friend unless love vultures stars appearance star dog friendliness
en_0942275,"Amazon site claimed it would fit my 2016 Kia Soul. And yes, it does look almost identical to the original. However, it did not firmly snap into place like the OEM blade. Instead of returning, I just switched the rubber wiper elements and put the old one back on. Next time I'll buy OEM.","amazon site claimed it would fit my 2016 kia soul. and yes, it does look almost identical to the original. however, it did not firmly snap into place like the oem blade. instead of returning, i just switched the rubber wiper elements and put the old one back on. next time i'll buy oem.",[],"amazon site claimed it would fit my 2016 kia soul. and yes, it does look almost identical to the original. however, it did not firmly snap into place like the oem blade. instead of returning, i just switched the rubber wiper elements and put the old one back on. next time i'll buy oem.",amazon site claimed it would fit my kia soul and yes it does look almost identical to the original however it did not firmly snap into place like the oem blade instead of returning i just switched the rubber wiper elements and put the old one back on next time i ll buy oem,"[""amazon"", ""site"", ""claimed"", ""it"", ""would"", ""fit"", ""my"", ""kia"", ""soul"", ""and"", ""yes"", ""it"", ""does"", ""look"", ""almost"", ""identical"", ""to"", ""the"", ""original"", ""however"", ""it"", ""did"", ""not"", ""firmly"", ""snap"", ""into"", ""place"", ""like"", ""the"", ""oem"", ""blade"", ""instead"", ""of"", ""returning"", ""i"", ""just"", ""switched"", ""the"", ""rubber"", ""wiper"", ""elements"", ""and"", ""put"", ""the"", ""old"", ""one"", ""back"", ""on"", ""next"", ""time"", ""i"", ""ll"", ""buy"", ""oem""]","[""it"", ""my"", ""and"", ""it"", ""does"", ""to"", ""the"", ""it"", ""did"", ""into"", ""the"", ""of"", ""i"", ""just"", ""the"", ""and"", ""the"", ""on"", ""i"", ""ll""]","[""amazon"", ""site"", ""claimed"", ""would"", ""fit"", ""kia"", ""soul"", ""yes"", ""look"", ""almost"", ""identical"", ""original"", ""however"", ""not"", ""firmly"", ""snap"", ""place"", ""like"", ""oem"", ""blade"", ""instead"", ""returning"", ""switched"", ""rubber"", ""wiper"", ""elements"", ""put"", ""old"", ""one"", ""back"", ""next"", ""time"", ""buy"", ""oem""]",amazon site claimed would fit kia soul yes look almost identical original however not firmly snap place like oem blade instead returning switched rubber wiper elements put old one back next time buy oem
en_0648896,"We received a damaged castle. A piece of the roof is bowed so it doesn't lay flat, the wood is damaged on a piece of the floor, and the screw holes didn't line up right so the steps wouldn't go on like they are suppose to so we had to screw them down. We would have returned it but it was a ""santa"" gift so we couldn't.","we received a damaged castle. a piece of the roof is bowed so it doesn't lay flat, the wood is damaged on a piece of the floor, and the screw holes didn't line up right so the steps wouldn't go on like they are suppose to so we had to screw them down. we would have returned it but it was a ""santa"" gift so we couldn't.",[],"we received a damaged castle. a piece of the roof is bowed so it doesn't lay flat, the wood is damaged on a piece of the floor, and the screw holes didn't line up right so the steps wouldn't go on like they are suppose to so we had to screw them down. we would have returned it but it was a ""santa"" gift so we couldn't.",we received a damaged castle a piece of the roof is bowed so it does not lay flat the wood is damaged on a piece of the floor and the screw holes did not line up right so the steps would not go on like they are suppose to so we had to screw them down we would have returned it but it was a santa gift so we could not,"[""we"", ""received"", ""a"", ""damaged"", ""castle"", ""a"", ""piece"", ""of"", ""the"", ""roof"", ""is"", ""bowed"", ""so"", ""it"", ""does"", ""not"", ""lay"", ""flat"", ""the"", ""wood"", ""is"", ""damaged"", ""on"", ""a"", ""piece"", ""of"", ""the"", ""floor"", ""and"", ""the"", ""screw"", ""holes"", ""did"", ""not"", ""line"", ""up"", ""right"", ""so"", ""the"", ""steps"", ""would"", ""not"", ""go"", ""on"", ""like"", ""they"", ""are"", ""suppose"", ""to"", ""so"", ""we"", ""had"", ""to"", ""screw"", ""them"", ""down"", ""we"", ""would"", ""have"", ""returned"", ""it"", ""but"", ""it"", ""was"", ""a"", ""santa"", ""gift"", ""so"", ""we"", ""could"", ""not""]","[""we"", ""a"", ""a"", ""of"", ""the"", ""is"", ""so"", ""it"", ""does"", ""the"", ""is"", ""on"", ""a"", ""of"", ""the"", ""and"", ""the"", ""did"", ""up"", ""so"", ""the"", ""on"", ""they"", ""are"", ""to"", ""so"", ""we"", ""had"", ""to"", ""them"", ""down"", ""we"", ""have"", ""it"", ""but"", ""it"", ""was"", ""a"", ""so"", ""we""]","[""received"", ""damaged"", ""castle"", ""piece"", ""roof"", ""bowed"", ""not"", ""lay"", ""flat"", ""wood"", ""damaged"", ""piece"", ""floor"", ""screw"", ""holes"", ""not"", ""line"", ""right"", ""steps"", ""would"", ""not"", ""go"", ""like"", ""suppose"", ""screw"", ""would"", ""returned"", ""santa"", ""gift"", ""could"", ""not""]",received damaged castle piece roof bowed not lay flat wood damaged piece floor screw holes not line right steps would not go like suppose screw would returned santa gift could not
en_0031240,Absolutely delicious!!! Very easy and fast to do!!,absolutely delicious!!! very easy and fast to do!!,[],absolutely delicious!!! very easy and fast to do!!,absolutely delicious very easy and fast to do,"[""absolutely"", ""delicious"", ""very"", ""easy"", ""and"", ""fast"", ""to"", ""do""]","[""very"", ""and"", ""to"", ""do""]","[""absolutely"", ""delicious"", ""easy"", ""fast""]",absolutely delicious easy fast
en_0457329,Ordered my second pair my first one got scratched in and out of case they should line the case so they don’t scratch had good luck with them the free replacements is a lie but they r handy for me,ordered my second pair my first one got scratched in and out of case they should line the case so they don't scratch had good luck with them the free replacements is a lie but they r handy for me,[],ordered my second pair my first one got scratched in and out of case they should line the case so they don't scratch had good luck with them the free replacements is a lie but they r handy for me,ordered my second pair my first one got scratched in and out of case they should line the case so they do not scratch had good luck with them the free replacements is a lie but they r handy for me,"[""ordered"", ""my"", ""second"", ""pair"", ""my"", ""first"", ""one"", ""got"", ""scratched"", ""in"", ""and"", ""out"", ""of"", ""case"", ""they"", ""should"", ""line"", ""the"", ""case"", ""so"", ""they"", ""do"", ""not"", ""scratch"", ""had"", ""good"", ""luck"", ""with"", ""them"", ""the"", ""free"", ""replacements"", ""is"", ""a"", ""lie"", ""but"", ""they"", ""r"", ""handy"", ""for"", ""me""]","[""my"", ""my"", ""in"", ""and"", ""out"", ""of"", ""they"", ""should"", ""the"", ""so"", ""they"", ""do"", ""had"", ""with"", ""them"", ""the"", ""is"", ""a"", ""but"", ""they"", ""for"", ""me""]","[""ordered"", ""second"", ""pair"", ""first"", ""one"", ""got"", ""scratched"", ""case"", ""line"", ""case"", ""not"", ""scratch"", ""good"", ""luck"", ""free"", ""replacements"", ""lie"", ""r"", ""handy""]",ordered second pair first one got scratched case line case not scratch good luck free replacements lie r handy
en_0766897,Durable and great sound for such a small speaker,durable and great sound for such a small speaker,[],durable and great sound for such a small speaker,durable and great sound for such a small speaker,"[""durable"", ""and"", ""great"", ""sound"", ""for"", ""such"", ""a"", ""small"", ""speaker""]","[""and"", ""for"", ""such"", ""a""]","[""durable"", ""great"", ""sound"", ""small"", ""speaker""]",durable great sound small speaker
en_0552144,"Just unboxed the product and so far the mouse piece fell apart. VGA/HDMI does NOT work!! 2 different pc monitor, a tv, and still no signal. What a waste of time with this product. Garbage!","just unboxed the product and so far the mouse piece fell apart. vga/hdmi does not work!! 2 different pc monitor, a tv, and still no signal. what a waste of time with this product. garbage!",[],"just unboxed the product and so far the mouse piece fell apart. vga/hdmi does not work!! 2 different pc monitor, a tv, and still no signal. what a waste of time with this product. garbage!",just unboxed the product and so far the mouse piece fell apart vga hdmi does not work different pc monitor a tv and still no signal what a waste of time with this product garbage,"[""just"", ""unboxed"", ""the"", ""product"", ""and"", ""so"", ""far"", ""the"", ""mouse"", ""piece"", ""fell"", ""apart"", ""vga"", ""hdmi"", ""does"", ""not"", ""work"", ""different"", ""pc"", ""monitor"", ""a"", ""tv"", ""and"", ""still"", ""no"", ""signal"", ""what"", ""a"", ""waste"", ""of"", ""time"", ""with"", ""this"", ""product"", ""garbage""]","[""just"", ""the"", ""and"", ""so"", ""the"", ""does"", ""a"", ""and"", ""what"", ""a"", ""of"", ""with"", ""this""]","[""unboxed"", ""product"", ""far"", ""mouse"", ""piece"", ""fell"", ""apart"", ""vga"", ""hdmi"", ""not"", ""work"", ""different"", ""pc"", ""monitor"", ""tv"", ""still"", ""no"", ""signal"", ""waste"", ""time"", ""product"", ""garbage""]",unboxed product far mouse piece fell apart vga hdmi not work different pc monitor tv still no signal waste time product garbage
en_0934522,Corner chipped after 3 months,corner chipped after 3 months,[],corner chipped after 3 months,corner chipped after months,"[""corner"", ""chipped"", ""after"", ""months""]","[""after""]","[""corner"", ""chipped"", ""months""]",corner chipped months
en_0430020,I got the Charges few days ago.it quickly and it still keeps charging when the phone on a hotspot. And It is easy to put on the charger as well. It makes it very simple to just place on the charger and forget it to let it charge while the indicator makes it easy to tell that it is connected. It is like magic!,i got the charges few days ago.it quickly and it still keeps charging when the phone on a hotspot. and it is easy to put on the charger as well. it makes it very simple to just place on the charger and forget it to let it charge while the indicator makes it easy to tell that it is connected. it is like magic!,[],i got the charges few days ago.it quickly and it still keeps charging when the phone on a hotspot. and it is easy to put on the charger as well. it makes it very simple to just place on the charger and forget it to let it charge while the indicator makes it easy to tell that it is connected. it is like magic!,i got the charges few days ago it quickly and it still keeps charging when the phone on a hotspot and it is easy to put on the charger as well it makes it very simple to just place on the charger and forget it to let it charge while the indicator makes it easy to tell that it is connected it is like magic,"[""i"", ""got"", ""the"", ""charges"", ""few"", ""days"", ""ago"", ""it"", ""quickly"", ""and"", ""it"", ""still"", ""keeps"", ""charging"", ""when"", ""the"", ""phone"", ""on"", ""a"", ""hotspot"", ""and"", ""it"", ""is"", ""easy"", ""to"", ""put"", ""on"", ""the"", ""charger"", ""as"", ""well"", ""it"", ""makes"", ""it"", ""very"", ""simple"", ""to"", ""just"", ""place"", ""on"", ""the"", ""charger"", ""and"", ""forget"", ""it"", ""to"", ""let"", ""it"", ""charge"", ""while"", ""the"", ""indicator"", ""makes"", ""it"", ""easy"", ""to"", ""tell"", ""that"", ""it"", ""is"", ""connected"", ""it"", ""is"", ""like"", ""magic""]","[""i"", ""the"", ""few"", ""it"", ""and"", ""it"", ""when"", ""the"", ""on"", ""a"", ""and"", ""it"", ""is"", ""to"", ""on"", ""the"", ""as"", ""it"", ""it"", ""very"", ""to"", ""just"", ""on"", ""the"", ""and"", ""it"", ""to"", ""it"", ""while"", ""the"", ""it"", ""to"", ""that"", ""it"", ""is"", ""it"", ""is""]","[""got"", ""charges"", ""days"", ""ago"", ""quickly"", ""still"", ""keeps"", ""charging"", ""phone"", ""hotspot"", ""easy"", ""put"", ""charger"", ""well"", ""makes"", ""simple"", ""place"", ""charger"", ""forget"", ""let"", ""charge"", ""indicator"", ""makes"", ""easy"", ""tell"", ""connected"", ""like"", ""magic""]",got charges days ago quickly still keeps charging phone hotspot easy put charger well makes simple place charger forget let charge indicator makes easy tell connected like magic
en_0483005,Don't know if it fully works yet but it's a bit bulky,don't know if it fully works yet but it's a bit bulky,[],don't know if it fully works yet but it's a bit bulky,do not know if it fully works yet but it s a bit bulky,"[""do"", ""not"", ""know"", ""if"", ""it"", ""fully"", ""works"", ""yet"", ""but"", ""it"", ""s"", ""a"", ""bit"", ""bulky""]","[""do"", ""if"", ""it"", ""but"", ""it"", ""s"", ""a""]","[""not"", ""know"", ""fully"", ""works"", ""yet"", ""bit"", ""bulky""]",not know fully works yet bit bulky
en_0515075,"I received one of these keyboard silicones in Hebrew and it is pretty good ad does its job. I wish it would actually my MacbookPro 2018 a little better but it works fine. Also, I wish it was a little less ""slippery"". I mean when I write sometimes the keyboard slips away so every couple of minutes I have to readjust it to my keyboard. But again, solid thing and useful still.","i received one of these keyboard silicones in hebrew and it is pretty good ad does its job. i wish it would actually my macbookpro 2018 a little better but it works fine. also, i wish it was a little less ""slippery"". i mean when i write sometimes the keyboard slips away so every couple of minutes i have to readjust it to my keyboard. but again, solid thing and useful still.",[],"i received one of these keyboard silicones in hebrew and it is pretty good ad does its job. i wish it would actually my macbookpro 2018 a little better but it works fine. also, i wish it was a little less ""slippery"". i mean when i write sometimes the keyboard slips away so every couple of minutes i have to readjust it to my keyboard. but again, solid thing and useful still.",i received one of these keyboard silicones in hebrew and it is pretty good ad does its job i wish it would actually my macbookpro a little better but it works fine also i wish it was a little less slippery i mean when i write sometimes the keyboard slips away so every couple of minutes i have to readjust it to my keyboard but again solid thing and useful still,"[""i"", ""received"", ""one"", ""of"", ""these"", ""keyboard"", ""silicones"", ""in"", ""hebrew"", ""and"", ""it"", ""is"", ""pretty"", ""good"", ""ad"", ""does"", ""its"", ""job"", ""i"", ""wish"", ""it"", ""would"", ""actually"", ""my"", ""macbookpro"", ""a"", ""little"", ""better"", ""but"", ""it"", ""works"", ""fine"", ""also"", ""i"", ""wish"", ""it"", ""was"", ""a"", ""little"", ""less"", ""slippery"", ""i"", ""mean"", ""when"", ""i"", ""write"", ""sometimes"", ""the"", ""keyboard"", ""slips"", ""away"", ""so"", ""every"", ""couple"", ""of"", ""minutes"", ""i"", ""have"", ""to"", ""readjust"", ""it"", ""to"", ""my"", ""keyboard"", ""but"", ""again"", ""solid"", ""thing"", ""and"", ""useful"", ""still""]","[""i"", ""of"", ""these"", ""in"", ""and"", ""it"", ""is"", ""does"", ""its"", ""i"", ""it"", ""my"", ""a"", ""but"", ""it"", ""i"", ""it"", ""was"", ""a"", ""i"", ""when"", ""i"", ""the"", ""so"", ""of"", ""i"", ""have"", ""to"", ""it"", ""to"", ""my"", ""but"", ""again"", ""and""]","[""received"", ""one"", ""keyboard"", ""silicones"", ""hebrew"", ""pretty"", ""good"", ""ad"", ""job"", ""wish"", ""would"", ""actually"", ""macbookpro"", ""little"", ""better"", ""works"", ""fine"", ""also"", ""wish"", ""little"", ""less"", ""slippery"", ""mean"", ""write"", ""sometimes"", ""keyboard"", ""slips"", ""away"", ""every"", ""couple"", ""minutes"", ""readjust"", ""keyboard"", ""solid"", ""thing"", ""useful"", ""still""]",received one keyboard silicones hebrew pretty good ad job wish would actually macbookpro little better works fine also wish little less slippery mean write sometimes keyboard slips away every couple minutes readjust keyboard solid thing useful still
en_0188568,Balls seem like ok but you actually only get 150 balls in the bag not 200.,balls seem like ok but you actually only get 150 balls in the bag not 200.,[],balls seem like ok but you actually only get 150 balls in the bag not 200.,balls seem like ok but you actually only get balls in the bag not,"[""balls"", ""seem"", ""like"", ""ok"", ""but"", ""you"", ""actually"", ""only"", ""get"", ""balls"", ""in"", ""the"", ""bag"", ""not""]","[""but"", ""you"", ""only"", ""in"", ""the""]","[""balls"", ""seem"", ""like"", ""ok"", ""actually"", ""get"", ""balls"", ""bag"", ""not""]",balls seem like ok actually get balls bag not
en_0344100,"A humorous, well written book. I'm just confused as to where this series starts. This says ""book 2"" but after reading both of The Second Dark Ages books there seems to be more books before this one under different series titles.","a humorous, well written book. i'm just confused as to where this series starts. this says ""book 2"" but after reading both of the second dark ages books there seems to be more books before this one under different series titles.",[],"a humorous, well written book. i'm just confused as to where this series starts. this says ""book 2"" but after reading both of the second dark ages books there seems to be more books before this one under different series titles.",a humorous well written book i m just confused as to where this series starts this says book but after reading both of the second dark ages books there seems to be more books before this one under different series titles,"[""a"", ""humorous"", ""well"", ""written"", ""book"", ""i"", ""m"", ""just"", ""confused"", ""as"", ""to"", ""where"", ""this"", ""series"", ""starts"", ""this"", ""says"", ""book"", ""but"", ""after"", ""reading"", ""both"", ""of"", ""the"", ""second"", ""dark"", ""ages"", ""books"", ""there"", ""seems"", ""to"", ""be"", ""more"", ""books"", ""before"", ""this"", ""one"", ""under"", ""different"", ""series"", ""titles""]","[""a"", ""i"", ""m"", ""just"", ""as"", ""to"", ""where"", ""this"", ""this"", ""but"", ""after"", ""both"", ""of"", ""the"", ""there"", ""to"", ""be"", ""more"", ""before"", ""this"", ""under""]","[""humorous"", ""well"", ""written"", ""book"", ""confused"", ""series"", ""starts"", ""says"", ""book"", ""reading"", ""second"", ""dark"", ""ages"", ""books"", ""seems"", ""books"", ""one"", ""different"", ""series"", ""titles""]",humorous well written book confused series starts says book reading second dark ages books seems books one different series titles
en_0990805,"These shoes are rather heavy. Not water resistant or water proof. However, they look nice and I haven't had any punctures. After 3 months the shoes were complete trash. Would not recommend unless you use very lightly.","these shoes are rather heavy. not water resistant or water proof. however, they look nice and i haven't had any punctures. after 3 months the shoes were complete trash. would not recommend unless you use very lightly.",[],"these shoes are rather heavy. not water resistant or water proof. however, they look nice and i haven't had any punctures. after 3 months the shoes were complete trash. would not recommend unless you use very lightly.",these shoes are rather heavy not water resistant or water proof however they look nice and i have not had any punctures after months the shoes were complete trash would not recommend unless you use very lightly,"[""these"", ""shoes"", ""are"", ""rather"", ""heavy"", ""not"", ""water"", ""resistant"", ""or"", ""water"", ""proof"", ""however"", ""they"", ""look"", ""nice"", ""and"", ""i"", ""have"", ""not"", ""had"", ""any"", ""punctures"", ""after"", ""months"", ""the"", ""shoes"", ""were"", ""complete"", ""trash"", ""would"", ""not"", ""recommend"", ""unless"", ""you"", ""use"", ""very"", ""lightly""]","[""these"", ""are"", ""or"", ""they"", ""and"", ""i"", ""have"", ""had"", ""any"", ""after"", ""the"", ""were"", ""you"", ""very""]","[""shoes"", ""rather"", ""heavy"", ""not"", ""water"", ""resistant"", ""water"", ""proof"", ""however"", ""look"", ""nice"", ""not"", ""punctures"", ""months"", ""shoes"", ""complete"", ""trash"", ""would"", ""not"", ""recommend"", ""unless"", ""use"", ""lightly""]",shoes rather heavy not water resistant water proof however look nice not punctures months shoes complete trash would not recommend unless use lightly
en_0152631,I’m this is my second time purchasing this same dress just in a different color. Really love it however this one came in with a slight smell to it. Almost chemical/nicotine smell. Not happy with that at all. I know I will wash it prior to wearing it but it was really bad. This dress should wash just as well a the other one I purchased.,i'm this is my second time purchasing this same dress just in a different color. really love it however this one came in with a slight smell to it. almost chemical/nicotine smell. not happy with that at all. i know i will wash it prior to wearing it but it was really bad. this dress should wash just as well a the other one i purchased.,[],i'm this is my second time purchasing this same dress just in a different color. really love it however this one came in with a slight smell to it. almost chemical/nicotine smell. not happy with that at all. i know i will wash it prior to wearing it but it was really bad. this dress should wash just as well a the other one i purchased.,i m this is my second time purchasing this same dress just in a different color really love it however this one came in with a slight smell to it almost chemical nicotine smell not happy with that at all i know i will wash it prior to wearing it but it was really bad this dress should wash just as well a the other one i purchased,"[""i"", ""m"", ""this"", ""is"", ""my"", ""second"", ""time"", ""purchasing"", ""this"", ""same"", ""dress"", ""just"", ""in"", ""a"", ""different"", ""color"", ""really"", ""love"", ""it"", ""however"", ""this"", ""one"", ""came"", ""in"", ""with"", ""a"", ""slight"", ""smell"", ""to"", ""it"", ""almost"", ""chemical"", ""nicotine"", ""smell"", ""not"", ""happy"", ""with"", ""that"", ""at"", ""all"", ""i"", ""know"", ""i"", ""will"", ""wash"", ""it"", ""prior"", ""to"", ""wearing"", ""it"", ""but"", ""it"", ""was"", ""really"", ""bad"", ""this"", ""dress"", ""should"", ""wash"", ""just"", ""as"", ""well"", ""a"", ""the"", ""other"", ""one"", ""i"", ""purchased""]","[""i"", ""m"", ""this"", ""is"", ""my"", ""this"", ""same"", ""just"", ""in"", ""a"", ""it"", ""this"", ""in"", ""with"", ""a"", ""to"", ""it"", ""with"", ""that"", ""at"", ""all"", ""i"", ""i"", ""will"", ""it"", ""to"", ""it"", ""but"", ""it"", ""was"", ""this"", ""should"", ""just"", ""as"", ""a"", ""the"", ""other"", ""i""]","[""second"", ""time"", ""purchasing"", ""dress"", ""different"", ""color"", ""really"", ""love"", ""however"", ""one"", ""came"", ""slight"", ""smell"", ""almost"", ""chemical"", ""nicotine"", ""smell"", ""not"", ""happy"", ""know"", ""wash"", ""prior"", ""wearing"", ""really"", ""bad"", ""dress"", ""wash"", ""well"", ""one"", ""purchased""]",second time purchasing dress different color really love however one came slight smell almost chemical nicotine smell not happy know wash prior wearing really bad dress wash well one purchased
en_0488228,Very disappointed with these balloons. One of the big rings came with a hole in it and another two balloons popped as I was filling them with helium.,very disappointed with these balloons. one of the big rings came with a hole in it and another two balloons popped as i was filling them with helium.,[],very disappointed with these balloons. one of the big rings came with a hole in it and another two balloons popped as i was filling them with helium.,very disappointed with these balloons one of the big rings came with a hole in it and another two balloons popped as i was filling them with helium,"[""very"", ""disappointed"", ""with"", ""these"", ""balloons"", ""one"", ""of"", ""the"", ""big"", ""rings"", ""came"", ""with"", ""a"", ""hole"", ""in"", ""it"", ""and"", ""another"", ""two"", ""balloons"", ""popped"", ""as"", ""i"", ""was"", ""filling"", ""them"", ""with"", ""helium""]","[""very"", ""with"", ""these"", ""of"", ""the"", ""with"", ""a"", ""in"", ""it"", ""and"", ""as"", ""i"", ""was"", ""them"", ""with""]","[""disappointed"", ""balloons"", ""one"", ""big"", ""rings"", ""came"", ""hole"", ""another"", ""two"", ""balloons"", ""popped"", ""filling"", ""helium""]",disappointed balloons one big rings came hole another two balloons popped filling helium
en_0567987,nice look and temp seems rather accurate (I'm comparing with my older thermometer). one star off is the display seems a bit busy with all the max and min numbers which i haven't yet figured out what there the numbers relatives to.,nice look and temp seems rather accurate (i'm comparing with my older thermometer). one star off is the display seems a bit busy with all the max and min numbers which i haven't yet figured out what there the numbers relatives to.,[],nice look and temp seems rather accurate (i'm comparing with my older thermometer). one star off is the display seems a bit busy with all the max and min numbers which i haven't yet figured out what there the numbers relatives to.,nice look and temp seems rather accurate i m comparing with my older thermometer one star off is the display seems a bit busy with all the max and min numbers which i have not yet figured out what there the numbers relatives to,"[""nice"", ""look"", ""and"", ""temp"", ""seems"", ""rather"", ""accurate"", ""i"", ""m"", ""comparing"", ""with"", ""my"", ""older"", ""thermometer"", ""one"", ""star"", ""off"", ""is"", ""the"", ""display"", ""seems"", ""a"", ""bit"", ""busy"", ""with"", ""all"", ""the"", ""max"", ""and"", ""min"", ""numbers"", ""which"", ""i"", ""have"", ""not"", ""yet"", ""figured"", ""out"", ""what"", ""there"", ""the"", ""numbers"", ""relatives"", ""to""]","[""and"", ""i"", ""m"", ""with"", ""my"", ""off"", ""is"", ""the"", ""a"", ""with"", ""all"", ""the"", ""and"", ""which"", ""i"", ""have"", ""out"", ""what"", ""there"", ""the"", ""to""]","[""nice"", ""look"", ""temp"", ""seems"", ""rather"", ""accurate"", ""comparing"", ""older"", ""thermometer"", ""one"", ""star"", ""display"", ""seems"", ""bit"", ""busy"", ""max"", ""min"", ""numbers"", ""not"", ""yet"", ""figured"", ""numbers"", ""relatives""]",nice look temp seems rather accurate comparing older thermometer one star display seems bit busy max min numbers not yet figured numbers relatives
en_0533461,Does not prevent flare ups at all.,does not prevent flare ups at all.,[],does not prevent flare ups at all.,does not prevent flare ups at all,"[""does"", ""not"", ""prevent"", ""flare"", ""ups"", ""at"", ""all""]","[""does"", ""at"", ""all""]","[""not"", ""prevent"", ""flare"", ""ups""]",not prevent flare ups
en_0857525,"Look at these pictures of the hair spray I received today. It must be 100 years old. Can't even get the lid off. Worst of all, can't return so I lose my money!!!! DO NOT ORDER FROM HEAVEN_SENT!!!!","look at these pictures of the hair spray i received today. it must be 100 years old. can't even get the lid off. worst of all, can't return so i lose my money!!!! do not order from heaven_sent!!!!",[],"look at these pictures of the hair spray i received today. it must be 100 years old. can't even get the lid off. worst of all, can't return so i lose my money!!!! do not order from heaven_sent!!!!",look at these pictures of the hair spray i received today it must be years old can not even get the lid off worst of all can not return so i lose my money do not order from heaven sent,"[""look"", ""at"", ""these"", ""pictures"", ""of"", ""the"", ""hair"", ""spray"", ""i"", ""received"", ""today"", ""it"", ""must"", ""be"", ""years"", ""old"", ""can"", ""not"", ""even"", ""get"", ""the"", ""lid"", ""off"", ""worst"", ""of"", ""all"", ""can"", ""not"", ""return"", ""so"", ""i"", ""lose"", ""my"", ""money"", ""do"", ""not"", ""order"", ""from"", ""heaven"", ""sent""]","[""at"", ""these"", ""of"", ""the"", ""i"", ""it"", ""be"", ""can"", ""the"", ""off"", ""of"", ""all"", ""can"", ""so"", ""i"", ""my"", ""do"", ""from""]","[""look"", ""pictures"", ""hair"", ""spray"", ""received"", ""today"", ""must"", ""years"", ""old"", ""not"", ""even"", ""get"", ""lid"", ""worst"", ""not"", ""return"", ""lose"", ""money"", ""not"", ""order"", ""heaven"", ""sent""]",look pictures hair spray received today must years old not even get lid worst not return lose money not order heaven sent
en_0830816,"Pretty flowers, but the delivery is too long - almost 2 months...","pretty flowers, but the delivery is too long - almost 2 months...",[],"pretty flowers, but the delivery is too long - almost 2 months...",pretty flowers but the delivery is too long almost months,"[""pretty"", ""flowers"", ""but"", ""the"", ""delivery"", ""is"", ""too"", ""long"", ""almost"", ""months""]","[""but"", ""the"", ""is"", ""too""]","[""pretty"", ""flowers"", ""delivery"", ""long"", ""almost"", ""months""]",pretty flowers delivery long almost months
en_0337600,"I ordered these trunks for my husband for Easter, he normally wears a large in speedo, so I didn't think this would be a problem. When he tried it on, they were HUGE!!! He blooms out like a balloon!!!! I wanted to return and exchange for a medium, but I see that Amazon has closed the return window and now I am stuck with something that I cannot use!!!!! I truly think they need to review their 30 day window on clothing to avoid unpleasant situations like this!!","i ordered these trunks for my husband for easter, he normally wears a large in speedo, so i didn't think this would be a problem. when he tried it on, they were huge!!! he blooms out like a balloon!!!! i wanted to return and exchange for a medium, but i see that amazon has closed the return window and now i am stuck with something that i cannot use!!!!! i truly think they need to review their 30 day window on clothing to avoid unpleasant situations like this!!",[],"i ordered these trunks for my husband for easter, he normally wears a large in speedo, so i didn't think this would be a problem. when he tried it on, they were huge!!! he blooms out like a balloon!!!! i wanted to return and exchange for a medium, but i see that amazon has closed the return window and now i am stuck with something that i cannot use!!!!! i truly think they need to review their 30 day window on clothing to avoid unpleasant situations like this!!",i ordered these trunks for my husband for easter he normally wears a large in speedo so i did not think this would be a problem when he tried it on they were huge he blooms out like a balloon i wanted to return and exchange for a medium but i see that amazon has closed the return window and now i am stuck with something that i cannot use i truly think they need to review their day window on clothing to avoid unpleasant situations like this,"[""i"", ""ordered"", ""these"", ""trunks"", ""for"", ""my"", ""husband"", ""for"", ""easter"", ""he"", ""normally"", ""wears"", ""a"", ""large"", ""in"", ""speedo"", ""so"", ""i"", ""did"", ""not"", ""think"", ""this"", ""would"", ""be"", ""a"", ""problem"", ""when"", ""he"", ""tried"", ""it"", ""on"", ""they"", ""were"", ""huge"", ""he"", ""blooms"", ""out"", ""like"", ""a"", ""balloon"", ""i"", ""wanted"", ""to"", ""return"", ""and"", ""exchange"", ""for"", ""a"", ""medium"", ""but"", ""i"", ""see"", ""that"", ""amazon"", ""has"", ""closed"", ""the"", ""return"", ""window"", ""and"", ""now"", ""i"", ""am"", ""stuck"", ""with"", ""something"", ""that"", ""i"", ""cannot"", ""use"", ""i"", ""truly"", ""think"", ""they"", ""need"", ""to"", ""review"", ""their"", ""day"", ""window"", ""on"", ""clothing"", ""to"", ""avoid"", ""unpleasant"", ""situations"", ""like"", ""this""]","[""i"", ""these"", ""for"", ""my"", ""for"", ""he"", ""a"", ""in"", ""so"", ""i"", ""did"", ""this"", ""be"", ""a"", ""when"", ""he"", ""it"", ""on"", ""they"", ""were"", ""he"", ""out"", ""a"", ""i"", ""to"", ""and"", ""for"", ""a"", ""but"", ""i"", ""that"", ""has"", ""the"", ""and"", ""now"", ""i"", ""am"", ""with"", ""that"", ""i"", ""i"", ""they"", ""to"", ""their"", ""on"", ""to"", ""this""]","[""ordered"", ""trunks"", ""husband"", ""easter"", ""normally"", ""wears"", ""large"", ""speedo"", ""not"", ""think"", ""would"", ""problem"", ""tried"", ""huge"", ""blooms"", ""like"", ""balloon"", ""wanted"", ""return"", ""exchange"", ""medium"", ""see"", ""amazon"", ""closed"", ""return"", ""window"", ""stuck"", ""something"", ""cannot"", ""use"", ""truly"", ""think"", ""need"", ""review"", ""day"", ""window"", ""clothing"", ""avoid"", ""unpleasant"", ""situations"", ""like""]",ordered trunks husband easter normally wears large speedo not think would problem tried huge blooms like balloon wanted return exchange medium see amazon closed return window stuck something cannot use truly think need review day window clothing avoid unpleasant situations like
en_0342117,Nice modern farmhouse touch to decor. Color is grayish taupe. Easy to assemble.,nice modern farmhouse touch to decor. color is grayish taupe. easy to assemble.,[],nice modern farmhouse touch to decor. color is grayish taupe. easy to assemble.,nice modern farmhouse touch to decor color is grayish taupe easy to assemble,"[""nice"", ""modern"", ""farmhouse"", ""touch"", ""to"", ""decor"", ""color"", ""is"", ""grayish"", ""taupe"", ""easy"", ""to"", ""assemble""]","[""to"", ""is"", ""to""]","[""nice"", ""modern"", ""farmhouse"", ""touch"", ""decor"", ""color"", ""grayish"", ""taupe"", ""easy"", ""assemble""]",nice modern farmhouse touch decor color grayish taupe easy assemble
en_0073271,"It was ok, but sometimes hard to get the fruit out","it was ok, but sometimes hard to get the fruit out",[],"it was ok, but sometimes hard to get the fruit out",it was ok but sometimes hard to get the fruit out,"[""it"", ""was"", ""ok"", ""but"", ""sometimes"", ""hard"", ""to"", ""get"", ""the"", ""fruit"", ""out""]","[""it"", ""was"", ""but"", ""to"", ""the"", ""out""]","[""ok"", ""sometimes"", ""hard"", ""get"", ""fruit""]",ok sometimes hard get fruit
en_0790004,"Yes it was inexpensive but I would have been happy to pay more for something that was easier to install. I spent the better part of a saturday trying to make the stock brackets work and then, after some level of frustration, throwing them out and fabricating my own. The screen quality is not very good and I lose visibility in glare. I'm not sure that a better quality unit would solve for the glare.","yes it was inexpensive but i would have been happy to pay more for something that was easier to install. i spent the better part of a saturday trying to make the stock brackets work and then, after some level of frustration, throwing them out and fabricating my own. the screen quality is not very good and i lose visibility in glare. i'm not sure that a better quality unit would solve for the glare.",[],"yes it was inexpensive but i would have been happy to pay more for something that was easier to install. i spent the better part of a saturday trying to make the stock brackets work and then, after some level of frustration, throwing them out and fabricating my own. the screen quality is not very good and i lose visibility in glare. i'm not sure that a better quality unit would solve for the glare.",yes it was inexpensive but i would have been happy to pay more for something that was easier to install i spent the better part of a saturday trying to make the stock brackets work and then after some level of frustration throwing them out and fabricating my own the screen quality is not very good and i lose visibility in glare i m not sure that a better quality unit would solve for the glare,"[""yes"", ""it"", ""was"", ""inexpensive"", ""but"", ""i"", ""would"", ""have"", ""been"", ""happy"", ""to"", ""pay"", ""more"", ""for"", ""something"", ""that"", ""was"", ""easier"", ""to"", ""install"", ""i"", ""spent"", ""the"", ""better"", ""part"", ""of"", ""a"", ""saturday"", ""trying"", ""to"", ""make"", ""the"", ""stock"", ""brackets"", ""work"", ""and"", ""then"", ""after"", ""some"", ""level"", ""of"", ""frustration"", ""throwing"", ""them"", ""out"", ""and"", ""fabricating"", ""my"", ""own"", ""the"", ""screen"", ""quality"", ""is"", ""not"", ""very"", ""good"", ""and"", ""i"", ""lose"", ""visibility"", ""in"", ""glare"", ""i"", ""m"", ""not"", ""sure"", ""that"", ""a"", ""better"", ""quality"", ""unit"", ""would"", ""solve"", ""for"", ""the"", ""glare""]","[""it"", ""was"", ""but"", ""i"", ""have"", ""been"", ""to"", ""more"", ""for"", ""that"", ""was"", ""to"", ""i"", ""the"", ""of"", ""a"", ""to"", ""the"", ""and"", ""then"", ""after"", ""some"", ""of"", ""them"", ""out"", ""and"", ""my"", ""own"", ""the"", ""is"", ""very"", ""and"", ""i"", ""in"", ""i"", ""m"", ""that"", ""a"", ""for"", ""the""]","[""yes"", ""inexpensive"", ""would"", ""happy"", ""pay"", ""something"", ""easier"", ""install"", ""spent"", ""better"", ""part"", ""saturday"", ""trying"", ""make"", ""stock"", ""brackets"", ""work"", ""level"", ""frustration"", ""throwing"", ""fabricating"", ""screen"", ""quality"", ""not"", ""good"", ""lose"", ""visibility"", ""glare"", ""not"", ""sure"", ""better"", ""quality"", ""unit"", ""would"", ""solve"", ""glare""]",yes inexpensive would happy pay something easier install spent better part saturday trying make stock brackets work level frustration throwing fabricating screen quality not good lose visibility glare not sure better quality unit would solve glare
en_0736951,These were worse than the old batteries I had bought them to replace :( do not hold a charge,these were worse than the old batteries i had bought them to replace :( do not hold a charge,[],these were worse than the old batteries i had bought them to replace :( do not hold a charge,these were worse than the old batteries i had bought them to replace do not hold a charge,"[""these"", ""were"", ""worse"", ""than"", ""the"", ""old"", ""batteries"", ""i"", ""had"", ""bought"", ""them"", ""to"", ""replace"", ""do"", ""not"", ""hold"", ""a"", ""charge""]","[""these"", ""were"", ""than"", ""the"", ""i"", ""had"", ""them"", ""to"", ""do"", ""a""]","[""worse"", ""old"", ""batteries"", ""bought"", ""replace"", ""not"", ""hold"", ""charge""]",worse old batteries bought replace not hold charge
en_0981923,"This is sooooooo small. I know from the measurements listed that it was small. But for the price, it just isn't worth it. I was under whelmed to say the least. If it was less expensive, it would be a cute novelty trinket. But TINY doesn't equal 8 bucks.","this is sooooooo small. i know from the measurements listed that it was small. but for the price, it just isn't worth it. i was under whelmed to say the least. if it was less expensive, it would be a cute novelty trinket. but tiny doesn't equal 8 bucks.",[],"this is sooooooo small. i know from the measurements listed that it was small. but for the price, it just isn't worth it. i was under whelmed to say the least. if it was less expensive, it would be a cute novelty trinket. but tiny doesn't equal 8 bucks.",this is sooooooo small i know from the measurements listed that it was small but for the price it just is not worth it i was under whelmed to say the least if it was less expensive it would be a cute novelty trinket but tiny does not equal bucks,"[""this"", ""is"", ""sooooooo"", ""small"", ""i"", ""know"", ""from"", ""the"", ""measurements"", ""listed"", ""that"", ""it"", ""was"", ""small"", ""but"", ""for"", ""the"", ""price"", ""it"", ""just"", ""is"", ""not"", ""worth"", ""it"", ""i"", ""was"", ""under"", ""whelmed"", ""to"", ""say"", ""the"", ""least"", ""if"", ""it"", ""was"", ""less"", ""expensive"", ""it"", ""would"", ""be"", ""a"", ""cute"", ""novelty"", ""trinket"", ""but"", ""tiny"", ""does"", ""not"", ""equal"", ""bucks""]","[""this"", ""is"", ""i"", ""from"", ""the"", ""that"", ""it"", ""was"", ""but"", ""for"", ""the"", ""it"", ""just"", ""is"", ""it"", ""i"", ""was"", ""under"", ""to"", ""the"", ""if"", ""it"", ""was"", ""it"", ""be"", ""a"", ""but"", ""does""]","[""sooooooo"", ""small"", ""know"", ""measurements"", ""listed"", ""small"", ""price"", ""not"", ""worth"", ""whelmed"", ""say"", ""least"", ""less"", ""expensive"", ""would"", ""cute"", ""novelty"", ""trinket"", ""tiny"", ""not"", ""equal"", ""bucks""]",sooooooo small know measurements listed small price not worth whelmed say least less expensive would cute novelty trinket tiny not equal bucks
en_0674274,We reordered this product and were very disappointed with the extreme reduction in the quality of the product. Alignment is different and weight of label is easily half what it used to be. Won't make this mistake again.,we reordered this product and were very disappointed with the extreme reduction in the quality of the product. alignment is different and weight of label is easily half what it used to be. won't make this mistake again.,[],we reordered this product and were very disappointed with the extreme reduction in the quality of the product. alignment is different and weight of label is easily half what it used to be. won't make this mistake again.,we reordered this product and were very disappointed with the extreme reduction in the quality of the product alignment is different and weight of label is easily half what it used to be will not make this mistake again,"[""we"", ""reordered"", ""this"", ""product"", ""and"", ""were"", ""very"", ""disappointed"", ""with"", ""the"", ""extreme"", ""reduction"", ""in"", ""the"", ""quality"", ""of"", ""the"", ""product"", ""alignment"", ""is"", ""different"", ""and"", ""weight"", ""of"", ""label"", ""is"", ""easily"", ""half"", ""what"", ""it"", ""used"", ""to"", ""be"", ""will"", ""not"", ""make"", ""this"", ""mistake"", ""again""]","[""we"", ""this"", ""and"", ""were"", ""very"", ""with"", ""the"", ""in"", ""the"", ""of"", ""the"", ""is"", ""and"", ""of"", ""is"", ""what"", ""it"", ""to"", ""be"", ""will"", ""this"", ""again""]","[""reordered"", ""product"", ""disappointed"", ""extreme"", ""reduction"", ""quality"", ""product"", ""alignment"", ""different"", ""weight"", ""label"", ""easily"", ""half"", ""used"", ""not"", ""make"", ""mistake""]",reordered product disappointed extreme reduction quality product alignment different weight label easily half used not make mistake
en_0243253,Looks good and solid construction. Should do just fine!,looks good and solid construction. should do just fine!,[],looks good and solid construction. should do just fine!,looks good and solid construction should do just fine,"[""looks"", ""good"", ""and"", ""solid"", ""construction"", ""should"", ""do"", ""just"", ""fine""]","[""and"", ""should"", ""do"", ""just""]","[""looks"", ""good"", ""solid"", ""construction"", ""fine""]",looks good solid construction fine
en_0693787,Very cute book and I love that it dosnt have alot of words on one page. It keeps children engaged!,very cute book and i love that it dosnt have alot of words on one page. it keeps children engaged!,[],very cute book and i love that it dosnt have alot of words on one page. it keeps children engaged!,very cute book and i love that it dosnt have alot of words on one page it keeps children engaged,"[""very"", ""cute"", ""book"", ""and"", ""i"", ""love"", ""that"", ""it"", ""dosnt"", ""have"", ""alot"", ""of"", ""words"", ""on"", ""one"", ""page"", ""it"", ""keeps"", ""children"", ""engaged""]","[""very"", ""and"", ""i"", ""that"", ""it"", ""have"", ""of"", ""on"", ""it""]","[""cute"", ""book"", ""love"", ""dosnt"", ""alot"", ""words"", ""one"", ""page"", ""keeps"", ""children"", ""engaged""]",cute book love dosnt alot words one page keeps children engaged
en_0519264,"This shampoo has a wonderful fragrance. It lathers up easily so I did not need to use an excessive amount om my large dogs' The Oatmeal and other ingredients seemed to be effective on the itch and irritation of my dog's skin. So far so good, I think I'll buy it again although after three baths x two dogs there is plenty in the bottle.","this shampoo has a wonderful fragrance. it lathers up easily so i did not need to use an excessive amount om my large dogs' the oatmeal and other ingredients seemed to be effective on the itch and irritation of my dog's skin. so far so good, i think i'll buy it again although after three baths x two dogs there is plenty in the bottle.",[],"this shampoo has a wonderful fragrance. it lathers up easily so i did not need to use an excessive amount om my large dogs' the oatmeal and other ingredients seemed to be effective on the itch and irritation of my dog's skin. so far so good, i think i'll buy it again although after three baths x two dogs there is plenty in the bottle.",this shampoo has a wonderful fragrance it lathers up easily so i did not need to use an excessive amount om my large dogs the oatmeal and other ingredients seemed to be effective on the itch and irritation of my dog s skin so far so good i think i ll buy it again although after three baths x two dogs there is plenty in the bottle,"[""this"", ""shampoo"", ""has"", ""a"", ""wonderful"", ""fragrance"", ""it"", ""lathers"", ""up"", ""easily"", ""so"", ""i"", ""did"", ""not"", ""need"", ""to"", ""use"", ""an"", ""excessive"", ""amount"", ""om"", ""my"", ""large"", ""dogs"", ""the"", ""oatmeal"", ""and"", ""other"", ""ingredients"", ""seemed"", ""to"", ""be"", ""effective"", ""on"", ""the"", ""itch"", ""and"", ""irritation"", ""of"", ""my"", ""dog"", ""s"", ""skin"", ""so"", ""far"", ""so"", ""good"", ""i"", ""think"", ""i"", ""ll"", ""buy"", ""it"", ""again"", ""although"", ""after"", ""three"", ""baths"", ""x"", ""two"", ""dogs"", ""there"", ""is"", ""plenty"", ""in"", ""the"", ""bottle""]","[""this"", ""has"", ""a"", ""it"", ""up"", ""so"", ""i"", ""did"", ""to"", ""an"", ""my"", ""the"", ""and"", ""other"", ""to"", ""be"", ""on"", ""the"", ""and"", ""of"", ""my"", ""s"", ""so"", ""so"", ""i"", ""i"", ""ll"", ""it"", ""again"", ""after"", ""there"", ""is"", ""in"", ""the""]","[""shampoo"", ""wonderful"", ""fragrance"", ""lathers"", ""easily"", ""not"", ""need"", ""use"", ""excessive"", ""amount"", ""om"", ""large"", ""dogs"", ""oatmeal"", ""ingredients"", ""seemed"", ""effective"", ""itch"", ""irritation"", ""dog"", ""skin"", ""far"", ""good"", ""think"", ""buy"", ""although"", ""three"", ""baths"", ""x"", ""two"", ""dogs"", ""plenty"", ""bottle""]",shampoo wonderful fragrance lathers easily not need use excessive amount om large dogs oatmeal ingredients seemed effective itch irritation dog skin far good think buy although three baths x two dogs plenty bottle
en_0524176,"After 1 month of waiting, it finally came in.","after 1 month of waiting, it finally came in.",[],"after 1 month of waiting, it finally came in.",after month of waiting it finally came in,"[""after"", ""month"", ""of"", ""waiting"", ""it"", ""finally"", ""came"", ""in""]","[""after"", ""of"", ""it"", ""in""]","[""month"", ""waiting"", ""finally"", ""came""]",month waiting finally came
en_0941717,"Bought these to do iron-on transfers as a kids' birthday party favor. They turned out great and some of our guests said it was the best party favor they'd ever received. If you're embarking on a project like this, these aprons are great (and economical) for the purpose.","bought these to do iron-on transfers as a kids' birthday party favor. they turned out great and some of our guests said it was the best party favor they'd ever received. if you're embarking on a project like this, these aprons are great (and economical) for the purpose.",[],"bought these to do iron-on transfers as a kids' birthday party favor. they turned out great and some of our guests said it was the best party favor they'd ever received. if you're embarking on a project like this, these aprons are great (and economical) for the purpose.",bought these to do iron on transfers as a kids birthday party favor they turned out great and some of our guests said it was the best party favor they d ever received if you re embarking on a project like this these aprons are great and economical for the purpose,"[""bought"", ""these"", ""to"", ""do"", ""iron"", ""on"", ""transfers"", ""as"", ""a"", ""kids"", ""birthday"", ""party"", ""favor"", ""they"", ""turned"", ""out"", ""great"", ""and"", ""some"", ""of"", ""our"", ""guests"", ""said"", ""it"", ""was"", ""the"", ""best"", ""party"", ""favor"", ""they"", ""d"", ""ever"", ""received"", ""if"", ""you"", ""re"", ""embarking"", ""on"", ""a"", ""project"", ""like"", ""this"", ""these"", ""aprons"", ""are"", ""great"", ""and"", ""economical"", ""for"", ""the"", ""purpose""]","[""these"", ""to"", ""do"", ""on"", ""as"", ""a"", ""they"", ""out"", ""and"", ""some"", ""of"", ""our"", ""it"", ""was"", ""the"", ""they"", ""d"", ""if"", ""you"", ""re"", ""on"", ""a"", ""this"", ""these"", ""are"", ""and"", ""for"", ""the""]","[""bought"", ""iron"", ""transfers"", ""kids"", ""birthday"", ""party"", ""favor"", ""turned"", ""great"", ""guests"", ""said"", ""best"", ""party"", ""favor"", ""ever"", ""received"", ""embarking"", ""project"", ""like"", ""aprons"", ""great"", ""economical"", ""purpose""]",bought iron transfers kids birthday party favor turned great guests said best party favor ever received embarking project like aprons great economical purpose
en_0515944,"I like this spray, overall. I feel like there is a slight residue left in my hair when I go to style. I don’t have other product experience to compare it to, though.","i like this spray, overall. i feel like there is a slight residue left in my hair when i go to style. i don't have other product experience to compare it to, though.",[],"i like this spray, overall. i feel like there is a slight residue left in my hair when i go to style. i don't have other product experience to compare it to, though.",i like this spray overall i feel like there is a slight residue left in my hair when i go to style i do not have other product experience to compare it to though,"[""i"", ""like"", ""this"", ""spray"", ""overall"", ""i"", ""feel"", ""like"", ""there"", ""is"", ""a"", ""slight"", ""residue"", ""left"", ""in"", ""my"", ""hair"", ""when"", ""i"", ""go"", ""to"", ""style"", ""i"", ""do"", ""not"", ""have"", ""other"", ""product"", ""experience"", ""to"", ""compare"", ""it"", ""to"", ""though""]","[""i"", ""this"", ""i"", ""there"", ""is"", ""a"", ""in"", ""my"", ""when"", ""i"", ""to"", ""i"", ""do"", ""have"", ""other"", ""to"", ""it"", ""to""]","[""like"", ""spray"", ""overall"", ""feel"", ""like"", ""slight"", ""residue"", ""left"", ""hair"", ""go"", ""style"", ""not"", ""product"", ""experience"", ""compare"", ""though""]",like spray overall feel like slight residue left hair go style not product experience compare though
en_0381346,"Great idea. But the sweater is so thin and the hood has poor measurements. I just got mine today as a gift so exited to see it but was dissapointed when it tore the minute my cat was in my pouch. Might return if I can not sew it together. I may end up wearing the sweater by itself without my cat. Since it looks cute on its own, size up for this sweater though.","great idea. but the sweater is so thin and the hood has poor measurements. i just got mine today as a gift so exited to see it but was dissapointed when it tore the minute my cat was in my pouch. might return if i can not sew it together. i may end up wearing the sweater by itself without my cat. since it looks cute on its own, size up for this sweater though.",[],"great idea. but the sweater is so thin and the hood has poor measurements. i just got mine today as a gift so exited to see it but was dissapointed when it tore the minute my cat was in my pouch. might return if i can not sew it together. i may end up wearing the sweater by itself without my cat. since it looks cute on its own, size up for this sweater though.",great idea but the sweater is so thin and the hood has poor measurements i just got mine today as a gift so exited to see it but was dissapointed when it tore the minute my cat was in my pouch might return if i can not sew it together i may end up wearing the sweater by itself without my cat since it looks cute on its own size up for this sweater though,"[""great"", ""idea"", ""but"", ""the"", ""sweater"", ""is"", ""so"", ""thin"", ""and"", ""the"", ""hood"", ""has"", ""poor"", ""measurements"", ""i"", ""just"", ""got"", ""mine"", ""today"", ""as"", ""a"", ""gift"", ""so"", ""exited"", ""to"", ""see"", ""it"", ""but"", ""was"", ""dissapointed"", ""when"", ""it"", ""tore"", ""the"", ""minute"", ""my"", ""cat"", ""was"", ""in"", ""my"", ""pouch"", ""might"", ""return"", ""if"", ""i"", ""can"", ""not"", ""sew"", ""it"", ""together"", ""i"", ""may"", ""end"", ""up"", ""wearing"", ""the"", ""sweater"", ""by"", ""itself"", ""without"", ""my"", ""cat"", ""since"", ""it"", ""looks"", ""cute"", ""on"", ""its"", ""own"", ""size"", ""up"", ""for"", ""this"", ""sweater"", ""though""]","[""but"", ""the"", ""is"", ""so"", ""and"", ""the"", ""has"", ""i"", ""just"", ""as"", ""a"", ""so"", ""to"", ""it"", ""but"", ""was"", ""when"", ""it"", ""the"", ""my"", ""was"", ""in"", ""my"", ""if"", ""i"", ""can"", ""it"", ""i"", ""up"", ""the"", ""by"", ""itself"", ""my"", ""it"", ""on"", ""its"", ""own"", ""up"", ""for"", ""this""]","[""great"", ""idea"", ""sweater"", ""thin"", ""hood"", ""poor"", ""measurements"", ""got"", ""mine"", ""today"", ""gift"", ""exited"", ""see"", ""dissapointed"", ""tore"", ""minute"", ""cat"", ""pouch"", ""might"", ""return"", ""not"", ""sew"", ""together"", ""may"", ""end"", ""wearing"", ""sweater"", ""without"", ""cat"", ""since"", ""looks"", ""cute"", ""size"", ""sweater"", ""though""]",great idea sweater thin hood poor measurements got mine today gift exited see dissapointed tore minute cat pouch might return not sew together may end wearing sweater without cat since looks cute size sweater though
en_0839080,"My baby loves these mitts. She's 5 months old and not able to hold on to other teething toys for long. I am able to velco these on and she loves them. It took a couple times before she liked having them on her hands. Now she gets excited when she sees them. The crinkle sounds they make are great too. Plus a super value, two for the same price as the chain store","my baby loves these mitts. she's 5 months old and not able to hold on to other teething toys for long. i am able to velco these on and she loves them. it took a couple times before she liked having them on her hands. now she gets excited when she sees them. the crinkle sounds they make are great too. plus a super value, two for the same price as the chain store",[],"my baby loves these mitts. she's 5 months old and not able to hold on to other teething toys for long. i am able to velco these on and she loves them. it took a couple times before she liked having them on her hands. now she gets excited when she sees them. the crinkle sounds they make are great too. plus a super value, two for the same price as the chain store",my baby loves these mitts she s months old and not able to hold on to other teething toys for long i am able to velco these on and she loves them it took a couple times before she liked having them on her hands now she gets excited when she sees them the crinkle sounds they make are great too plus a super value two for the same price as the chain store,"[""my"", ""baby"", ""loves"", ""these"", ""mitts"", ""she"", ""s"", ""months"", ""old"", ""and"", ""not"", ""able"", ""to"", ""hold"", ""on"", ""to"", ""other"", ""teething"", ""toys"", ""for"", ""long"", ""i"", ""am"", ""able"", ""to"", ""velco"", ""these"", ""on"", ""and"", ""she"", ""loves"", ""them"", ""it"", ""took"", ""a"", ""couple"", ""times"", ""before"", ""she"", ""liked"", ""having"", ""them"", ""on"", ""her"", ""hands"", ""now"", ""she"", ""gets"", ""excited"", ""when"", ""she"", ""sees"", ""them"", ""the"", ""crinkle"", ""sounds"", ""they"", ""make"", ""are"", ""great"", ""too"", ""plus"", ""a"", ""super"", ""value"", ""two"", ""for"", ""the"", ""same"", ""price"", ""as"", ""the"", ""chain"", ""store""]","[""my"", ""these"", ""she"", ""s"", ""and"", ""to"", ""on"", ""to"", ""other"", ""for"", ""i"", ""am"", ""to"", ""these"", ""on"", ""and"", ""she"", ""them"", ""it"", ""a"", ""before"", ""she"", ""having"", ""them"", ""on"", ""her"", ""now"", ""she"", ""when"", ""she"", ""them"", ""the"", ""they"", ""are"", ""too"", ""a"", ""for"", ""the"", ""same"", ""as"", ""the""]","[""baby"", ""loves"", ""mitts"", ""months"", ""old"", ""not"", ""able"", ""hold"", ""teething"", ""toys"", ""long"", ""able"", ""velco"", ""loves"", ""took"", ""couple"", ""times"", ""liked"", ""hands"", ""gets"", ""excited"", ""sees"", ""crinkle"", ""sounds"", ""make"", ""great"", ""plus"", ""super"", ""value"", ""two"", ""price"", ""chain"", ""store""]",baby loves mitts months old not able hold teething toys long able velco loves took couple times liked hands gets excited sees crinkle sounds make great plus super value two price chain store
en_0159972,"I like the overall feel of these headphones; however they aren’t as good as I hoped. The sound quality is just okay, depending on the ANC level and EQ settings. The high ANC setting tends to hiss, and will squeak if you move your head wrong. I tend to use the low ANC setting for travel and its less intense on the ears.","i like the overall feel of these headphones; however they aren't as good as i hoped. the sound quality is just okay, depending on the anc level and eq settings. the high anc setting tends to hiss, and will squeak if you move your head wrong. i tend to use the low anc setting for travel and its less intense on the ears.",[],"i like the overall feel of these headphones; however they aren't as good as i hoped. the sound quality is just okay, depending on the anc level and eq settings. the high anc setting tends to hiss, and will squeak if you move your head wrong. i tend to use the low anc setting for travel and its less intense on the ears.",i like the overall feel of these headphones however they are not as good as i hoped the sound quality is just okay depending on the anc level and eq settings the high anc setting tends to hiss and will squeak if you move your head wrong i tend to use the low anc setting for travel and its less intense on the ears,"[""i"", ""like"", ""the"", ""overall"", ""feel"", ""of"", ""these"", ""headphones"", ""however"", ""they"", ""are"", ""not"", ""as"", ""good"", ""as"", ""i"", ""hoped"", ""the"", ""sound"", ""quality"", ""is"", ""just"", ""okay"", ""depending"", ""on"", ""the"", ""anc"", ""level"", ""and"", ""eq"", ""settings"", ""the"", ""high"", ""anc"", ""setting"", ""tends"", ""to"", ""hiss"", ""and"", ""will"", ""squeak"", ""if"", ""you"", ""move"", ""your"", ""head"", ""wrong"", ""i"", ""tend"", ""to"", ""use"", ""the"", ""low"", ""anc"", ""setting"", ""for"", ""travel"", ""and"", ""its"", ""less"", ""intense"", ""on"", ""the"", ""ears""]","[""i"", ""the"", ""of"", ""these"", ""they"", ""are"", ""as"", ""as"", ""i"", ""the"", ""is"", ""just"", ""on"", ""the"", ""and"", ""the"", ""to"", ""and"", ""will"", ""if"", ""you"", ""your"", ""i"", ""to"", ""the"", ""for"", ""and"", ""its"", ""on"", ""the""]","[""like"", ""overall"", ""feel"", ""headphones"", ""however"", ""not"", ""good"", ""hoped"", ""sound"", ""quality"", ""okay"", ""depending"", ""anc"", ""level"", ""eq"", ""settings"", ""high"", ""anc"", ""setting"", ""tends"", ""hiss"", ""squeak"", ""move"", ""head"", ""wrong"", ""tend"", ""use"", ""low"", ""anc"", ""setting"", ""travel"", ""less"", ""intense"", ""ears""]",like overall feel headphones however not good hoped sound quality okay depending anc level eq settings high anc setting tends hiss squeak move head wrong tend use low anc setting travel less intense ears
en_0825078,"Truly a bad purchase. As soon as I saw I understood that they were not a good product. I took a day trip and obviously the soap had come out completely. The silicone part is so soft that it does not get stuck to the cap, but it comes off continuously, letting the liquid out. Absolutely not recommended !! Buy them from rigid plastic!","truly a bad purchase. as soon as i saw i understood that they were not a good product. i took a day trip and obviously the soap had come out completely. the silicone part is so soft that it does not get stuck to the cap, but it comes off continuously, letting the liquid out. absolutely not recommended !! buy them from rigid plastic!",[],"truly a bad purchase. as soon as i saw i understood that they were not a good product. i took a day trip and obviously the soap had come out completely. the silicone part is so soft that it does not get stuck to the cap, but it comes off continuously, letting the liquid out. absolutely not recommended !! buy them from rigid plastic!",truly a bad purchase as soon as i saw i understood that they were not a good product i took a day trip and obviously the soap had come out completely the silicone part is so soft that it does not get stuck to the cap but it comes off continuously letting the liquid out absolutely not recommended buy them from rigid plastic,"[""truly"", ""a"", ""bad"", ""purchase"", ""as"", ""soon"", ""as"", ""i"", ""saw"", ""i"", ""understood"", ""that"", ""they"", ""were"", ""not"", ""a"", ""good"", ""product"", ""i"", ""took"", ""a"", ""day"", ""trip"", ""and"", ""obviously"", ""the"", ""soap"", ""had"", ""come"", ""out"", ""completely"", ""the"", ""silicone"", ""part"", ""is"", ""so"", ""soft"", ""that"", ""it"", ""does"", ""not"", ""get"", ""stuck"", ""to"", ""the"", ""cap"", ""but"", ""it"", ""comes"", ""off"", ""continuously"", ""letting"", ""the"", ""liquid"", ""out"", ""absolutely"", ""not"", ""recommended"", ""buy"", ""them"", ""from"", ""rigid"", ""plastic""]","[""a"", ""as"", ""as"", ""i"", ""i"", ""that"", ""they"", ""were"", ""a"", ""i"", ""a"", ""and"", ""the"", ""had"", ""out"", ""the"", ""is"", ""so"", ""that"", ""it"", ""does"", ""to"", ""the"", ""but"", ""it"", ""off"", ""the"", ""out"", ""them"", ""from""]","[""truly"", ""bad"", ""purchase"", ""soon"", ""saw"", ""understood"", ""not"", ""good"", ""product"", ""took"", ""day"", ""trip"", ""obviously"", ""soap"", ""come"", ""completely"", ""silicone"", ""part"", ""soft"", ""not"", ""get"", ""stuck"", ""cap"", ""comes"", ""continuously"", ""letting"", ""liquid"", ""absolutely"", ""not"", ""recommended"", ""buy"", ""rigid"", ""plastic""]",truly bad purchase soon saw understood not good product took day trip obviously soap come completely silicone part soft not get stuck cap comes continuously letting liquid absolutely not recommended buy rigid plastic
